id,template_activity_group_id,fuel_resource_id,note,sort_order,created_at,updated_at
005a4e07-4158-45e4-b574-9644669a2cd4,cd21f024-f2bb-4e4f-a069-6c3706dd9a13,3002c243-1d33-413f-9f31-48193d21e0ad,,7,2026-03-22 02:11:42.619+00,2026-03-22 02:11:42.619+00
007e43f5-e624-442c-98d5-ce7e60c0d0aa,2b286a94-c02c-4c9c-b709-98a6a325690c,715a1b6d-69ac-47e8-97bc-92499af47b00,,8,2026-03-21 11:19:13.223+00,2026-03-21 11:19:13.223+00
009ceb70-ff73-4f4b-8701-c616fc334c76,81691957-d373-413f-bd2d-404a6275bebc,3ccc4605-4b03-4017-a26c-3b30e3e09858,,1,2026-03-21 11:12:50.335+00,2026-03-21 11:12:50.335+00
00f2ee32-c8f0-4b98-95ba-4dfb743b2dcd,76ca86ae-4ad0-45be-bce8-4a8778d5e601,919f8e5c-fc4a-402a-b63a-a60f3143445d,,15,2026-03-22 02:00:15.022+00,2026-03-22 02:00:15.022+00
01f6d27d-246d-46d6-8ba9-6df55692c354,cd21f024-f2bb-4e4f-a069-6c3706dd9a13,e649d30d-3f70-40b6-85f7-4b54f3cdf917,,10,2026-03-22 02:11:42.619+00,2026-03-22 02:11:42.619+00
02ab7794-091e-4019-96d0-4900768f05c8,222f3b4d-d0dd-41ba-9823-190a26ef1d75,03c58d61-3351-45fd-9331-27cf4f6df903,test,0,2026-03-21 11:16:58.219+00,2026-03-21 11:16:58.219+00
02ba8e8b-f275-49c5-807d-cfeca483f9dd,fd634061-cca1-4395-8caf-cb6dca25e77e,8ce8ae77-5861-428c-8ef0-00ca5ef00019,,6,2026-03-22 01:54:26.289+00,2026-03-22 01:54:26.289+00
02dc7886-bb09-44df-86c8-14de817b727b,dfefe442-89e0-43e6-9cdb-39f67c92e037,414e2235-903d-4294-8693-bdfbeb938f23,,6,2026-03-22 01:51:54.334+00,2026-03-22 01:51:54.334+00
03152268-1032-40c2-869b-933a8c3fcd79,222f3b4d-d0dd-41ba-9823-190a26ef1d75,ed366df3-3d67-4c7a-b94e-a6804b7b605e,,15,2026-03-21 11:16:58.219+00,2026-03-21 11:16:58.219+00
04088260-de74-4ec3-be60-97ced5044f20,c235d3bd-ff62-4d8d-9b16-e942bc152b85,c318c42e-c51e-4b00-a348-589b73490451,,10,2026-03-20 10:24:25.63+00,2026-03-20 10:24:25.63+00
044aef18-ee01-4f9a-88d8-c1aab298c213,cd21f024-f2bb-4e4f-a069-6c3706dd9a13,25817acf-c6bc-4db9-8210-a41304c2f00a,,32,2026-03-22 02:11:42.619+00,2026-03-22 02:11:42.619+00
04a03e73-397f-4397-b36c-dbef9abbc64d,222f3b4d-d0dd-41ba-9823-190a26ef1d75,6f6f6af0-bf8f-48cd-bf29-6a8537d8d077,,26,2026-03-21 11:16:58.219+00,2026-03-21 11:16:58.219+00
05939355-6cc2-4530-90e2-d861ff2eaec4,41992cd2-e912-4ec4-97b3-ed6257529107,5ac6996f-c829-4a0f-ad03-3c3e29de7dd4,,2,2026-03-22 02:08:38.9+00,2026-03-22 02:08:38.9+00
073beca7-acef-43cd-8a1b-2641b124d366,c235d3bd-ff62-4d8d-9b16-e942bc152b85,f7aca410-1a6a-4fec-b20f-3a033a95709d,,31,2026-03-20 10:24:25.63+00,2026-03-20 10:24:25.63+00
08b74dc6-04ec-4580-bca0-33d53aea277c,dfefe442-89e0-43e6-9cdb-39f67c92e037,09364ce4-803a-452e-8d0c-4d3010efd4de,,2,2026-03-22 01:51:54.334+00,2026-03-22 01:51:54.334+00
08c7e8ee-1410-4fee-8322-f95f3b3c82c0,cd21f024-f2bb-4e4f-a069-6c3706dd9a13,1f98155c-a401-446f-ba9b-d276ec231bf6,,11,2026-03-22 02:11:42.619+00,2026-03-22 02:11:42.619+00
08f1288b-f39f-4012-9b8f-37a5ec620991,2cc683a8-3a85-4952-b30b-f1c165daf696,3f39626e-c36a-43e7-8e4d-0024b66daf04,,15,2026-03-22 02:12:51.905+00,2026-03-22 02:12:51.905+00
0914aedd-bde6-4b01-8656-5e7eaae411b7,cd21f024-f2bb-4e4f-a069-6c3706dd9a13,53eea9ac-a25d-4951-ac70-1f11368ae142,,18,2026-03-22 02:11:42.619+00,2026-03-22 02:11:42.619+00
0954762e-99ed-4380-ad10-0669ef4636b0,6c08e655-a3b9-45b9-bb77-c38b29803791,aaf873ac-7826-473d-a727-75b8167042df,,0,2026-03-22 01:58:32.87+00,2026-03-22 01:58:32.87+00
09583f0b-285d-4d57-845d-a443d462fa62,54571063-ffe8-44cb-99d1-c06439467d74,ac3350de-a204-467e-953f-be515ba35b8b,,2,2026-03-21 11:29:59.609+00,2026-03-21 11:29:59.609+00
0a2edfae-cf05-4de1-9677-533c796559e8,c235d3bd-ff62-4d8d-9b16-e942bc152b85,6f6f6af0-bf8f-48cd-bf29-6a8537d8d077,,26,2026-03-20 10:24:25.63+00,2026-03-20 10:24:25.63+00
0abc4abf-879a-4ab3-b85d-119da0f6beab,6584d398-3b51-41a4-aa9b-6c649e279944,833f0233-f68d-43c5-90b1-921c3e902050,,0,2026-03-22 01:43:18.797+00,2026-03-22 01:43:18.797+00
0b443956-187c-40e2-9cc3-47bd3d832f98,76ca86ae-4ad0-45be-bce8-4a8778d5e601,e0870a10-53a3-451e-9e35-c420c8d118c3,,19,2026-03-22 02:00:15.022+00,2026-03-22 02:00:15.022+00
0b6823ef-7305-4b34-95fe-f3e5d05d974a,222f3b4d-d0dd-41ba-9823-190a26ef1d75,65fcd374-0dc2-486f-8933-5c69b7b338aa,,4,2026-03-21 11:16:58.219+00,2026-03-21 11:16:58.219+00
0b7379e6-b73b-4af0-a5de-bfa71d5dbe29,222f3b4d-d0dd-41ba-9823-190a26ef1d75,7cd7ce83-7edc-4972-9fe2-d2fe2f52f553,,27,2026-03-21 11:16:58.219+00,2026-03-21 11:16:58.219+00
0b7ee0e7-2387-4ba7-a8e7-7924e5a759e4,3c359208-ad2e-4668-ab35-cdb54909aba4,13b1de38-decd-49fc-9cb2-a450802fafd8,,2,2026-03-22 02:01:21.335+00,2026-03-22 02:01:21.335+00
0dcc2163-5c5d-46ef-af23-6e6629aff038,c235d3bd-ff62-4d8d-9b16-e942bc152b85,76c68488-a8ca-4ead-a4df-bad5d323e0cf,,17,2026-03-20 10:24:25.63+00,2026-03-20 10:24:25.63+00
0e5d4d3a-e244-4ff4-9ad3-9f06a61a98f4,4a3f965a-85a6-4e6c-85dc-aa0977042981,ec85b542-f574-4dbc-9dd4-f191cec85e93,,4,2026-03-21 11:25:20.766+00,2026-03-21 11:25:20.766+00
0f1f352d-70ea-4f0b-a8c0-e8433a63c803,41992cd2-e912-4ec4-97b3-ed6257529107,5b1b90cb-e05a-4847-9a3d-17c555b14080,,1,2026-03-22 02:08:38.9+00,2026-03-22 02:08:38.9+00
0f4e5f23-11e8-493f-b9c0-6726d42edea3,44467fd2-dc8b-434a-9617-9b25022da91b,06349aca-7b1e-4f01-a4ae-08f5e8242cdc,,4,2026-03-22 01:40:44.022+00,2026-03-22 01:40:44.022+00
0f4f6ce0-bdfd-4585-88d3-61c7f665f999,dfefe442-89e0-43e6-9cdb-39f67c92e037,b6e89aad-a466-4b9c-a6b6-96517e38866b,,12,2026-03-22 01:51:54.334+00,2026-03-22 01:51:54.334+00
0f6342f7-bdc3-4f15-8b86-4bf46b48d74c,2cc683a8-3a85-4952-b30b-f1c165daf696,09364ce4-803a-452e-8d0c-4d3010efd4de,,4,2026-03-22 02:12:51.905+00,2026-03-22 02:12:51.905+00
10a965b5-3c64-4200-9390-d02c8c9c925a,a7adc37a-b16e-41de-959f-2375eacda0eb,5b1b90cb-e05a-4847-9a3d-17c555b14080,,3,2026-03-21 11:27:33.202+00,2026-03-21 11:27:33.202+00
11771460-cdae-415e-9b84-b8460982b5b5,a7adc37a-b16e-41de-959f-2375eacda0eb,66f09ecc-78fb-434a-8f7b-fafa8987d9ba,,2,2026-03-21 11:27:33.202+00,2026-03-21 11:27:33.202+00
11803ba6-6694-4297-ac31-362bb950a8c2,964cb405-682e-45cc-99b0-9c9bcbd70708,ce2831d9-e584-45cb-9410-a73ee6ba5e61,,4,2026-03-21 15:12:47.166+00,2026-03-21 15:12:47.166+00
121e9fde-fd7b-4d55-8b73-e9855e5c121e,be5c4e9a-4e59-42b0-ba57-d7e959e14d1e,8418c8ca-9346-4774-80e9-9df037c6c0be,,1,2026-03-21 11:15:03.703+00,2026-03-21 11:15:03.703+00
125139eb-ba44-4120-8eb4-311913ee91b6,ff90a69f-7e87-47dd-9655-157207e152a4,33daddbb-3336-4fa3-a866-1225bd47f357,,5,2026-03-21 11:14:12.244+00,2026-03-21 11:14:12.244+00
13389782-fa61-4b4b-bff9-f70734307c08,222f3b4d-d0dd-41ba-9823-190a26ef1d75,2e5e5210-0f88-40b2-b5a2-4dbaf5694de3,,19,2026-03-21 11:16:58.219+00,2026-03-21 11:16:58.219+00
140edf65-376c-48db-9881-fe2e6aade0e5,01eae3af-93d7-4de0-a70e-c0176b10755c,f7aca410-1a6a-4fec-b20f-3a033a95709d,,2,2026-03-22 01:57:49.229+00,2026-03-22 01:57:49.229+00
14197913-fa93-4b81-bff4-06726e8928a8,c235d3bd-ff62-4d8d-9b16-e942bc152b85,2e5e5210-0f88-40b2-b5a2-4dbaf5694de3,,19,2026-03-20 10:24:25.63+00,2026-03-20 10:24:25.63+00
15add590-e36c-45b0-add1-89252f106f41,c235d3bd-ff62-4d8d-9b16-e942bc152b85,0d8a9d54-31bb-40a3-8699-01ee8ebf1940,,16,2026-03-20 10:24:25.63+00,2026-03-20 10:24:25.63+00
161867f3-6388-4004-b255-c2c66fef1254,222f3b4d-d0dd-41ba-9823-190a26ef1d75,58f21ac0-acdf-4869-8757-be483bb455ad,,14,2026-03-21 11:16:58.219+00,2026-03-21 11:16:58.219+00
16a2e7fa-dabe-4446-af92-e3dc64e824fa,cd21f024-f2bb-4e4f-a069-6c3706dd9a13,f9118c06-ea57-450e-855d-9caf11c2a3b3,,24,2026-03-22 02:11:42.619+00,2026-03-22 02:11:42.619+00
16d9556c-ae65-4941-940f-7031699f665e,cd21f024-f2bb-4e4f-a069-6c3706dd9a13,82dbfeb4-13fa-49de-8e1a-536a806349d3,,16,2026-03-22 02:11:42.619+00,2026-03-22 02:11:42.619+00
172230a5-c7a0-440e-a05c-d21b6f5bfe0c,222f3b4d-d0dd-41ba-9823-190a26ef1d75,827d02a2-423a-4081-bdf5-d105b57ba8da,,9,2026-03-21 11:16:58.219+00,2026-03-21 11:16:58.219+00
18b027c4-2dff-4d29-9109-2578b1bc0ccb,dfefe442-89e0-43e6-9cdb-39f67c92e037,c512ca74-75c3-45e0-9e33-daabdfcd8ab8,,10,2026-03-22 01:51:54.334+00,2026-03-22 01:51:54.334+00
1942a0ba-5b0e-47f5-be1c-c11d1f3bfc2b,2b286a94-c02c-4c9c-b709-98a6a325690c,fa54c38e-5480-4503-9d25-5ccfe054bdff,,7,2026-03-21 11:19:13.223+00,2026-03-21 11:19:13.223+00
1aa49b04-96b9-48d1-8f17-ddd48699abdf,222f3b4d-d0dd-41ba-9823-190a26ef1d75,e60a07b3-654a-4f11-ae38-191c74974fd4,,32,2026-03-21 11:16:58.219+00,2026-03-21 11:16:58.219+00
1b48c53f-052b-4f80-a8e0-d5b94654f7a1,504a6069-4a87-4b60-b0fc-09ecd54fc8f5,6110b435-dfef-4165-89e3-9b36dfb24dfc,,7,2026-03-22 01:56:43.032+00,2026-03-22 01:56:43.032+00
1bb7008f-81b9-4125-9247-20ce26f5be6f,7a6dabae-a0cb-4155-a6fb-b239d54da162,0561dde0-2b02-4538-97cc-bd6209561ed3,,2,2026-03-22 01:37:37.805+00,2026-03-22 01:37:37.805+00
1c2cd734-5c3a-468b-b1fa-43e98ee37e0a,0363df44-ece0-4ea3-8807-c2b969035bc0,477d7162-a1b9-4c83-8046-38ae67694d6f,,1,2026-03-20 10:09:11.814+00,2026-03-20 10:09:11.814+00
1e69b956-0a97-4d6d-89ab-965a669d020d,a7adc37a-b16e-41de-959f-2375eacda0eb,46d2e0da-db29-4336-91e2-5ffd7cdb4cf0,,7,2026-03-21 11:27:33.202+00,2026-03-21 11:27:33.202+00
1e6c102c-358b-4126-aaae-954d1104ff08,76ca86ae-4ad0-45be-bce8-4a8778d5e601,46ffaee6-7f16-494e-b63a-5b117c1436b1,,13,2026-03-22 02:00:15.022+00,2026-03-22 02:00:15.022+00
1f05ef7a-9298-4e5d-a262-0b2c09ca0f8e,54571063-ffe8-44cb-99d1-c06439467d74,4e38f1bc-f540-4a4f-a4e3-f7b7bda3089b,,4,2026-03-21 11:29:59.609+00,2026-03-21 11:29:59.609+00
1f7f0e6e-a107-4607-88fc-7a3accfad6d1,dfefe442-89e0-43e6-9cdb-39f67c92e037,147f3df1-bdda-4471-ab9e-78c3e592f770,,0,2026-03-22 01:51:54.334+00,2026-03-22 01:51:54.334+00
1fca3001-1d1f-4f3c-956e-21a66dd887b0,5c7787d2-75cb-4e27-8d50-9664b18b487b,633414f7-3075-4a1e-ac7d-d546824a2851,,2,2026-03-22 01:41:33.062+00,2026-03-22 01:41:33.062+00
202b97f1-e04d-419f-98d6-f7033c276821,222f3b4d-d0dd-41ba-9823-190a26ef1d75,ac8d2dd2-421f-4081-984d-d92c719b2afa,,34,2026-03-21 11:16:58.219+00,2026-03-21 11:16:58.219+00
203fb4f5-9066-4ba9-badf-2a9c6cde49a2,93d1f59b-c246-40fa-b108-d9960bf3556e,7cd7ce83-7edc-4972-9fe2-d2fe2f52f553,,3,2026-03-22 02:02:19.259+00,2026-03-22 02:02:19.259+00
21578d94-726d-4600-b6ec-85a8cb25eaff,cd21f024-f2bb-4e4f-a069-6c3706dd9a13,2ad0efc0-4437-41a0-97ea-29f67206fb96,,15,2026-03-22 02:11:42.619+00,2026-03-22 02:11:42.619+00
220d7045-5344-4b26-a587-72af1d11480f,517bf770-efb1-4c5b-8994-b60c6a459254,f7ae10cd-7056-47fd-ac1f-52b3557639b5,,1,2026-03-21 11:15:47.833+00,2026-03-21 11:15:47.833+00
23072740-be25-41d2-8c3d-00e556e8484a,c235d3bd-ff62-4d8d-9b16-e942bc152b85,58f21ac0-acdf-4869-8757-be483bb455ad,,14,2026-03-20 10:24:25.63+00,2026-03-20 10:24:25.63+00
246afc63-bd35-4266-be08-5bc22a7613c6,a7adc37a-b16e-41de-959f-2375eacda0eb,68a59787-345b-42f0-b6c9-1e902bd17b37,,15,2026-03-21 11:27:33.202+00,2026-03-21 11:27:33.202+00
24a5c699-08b3-44d8-a271-2a534cf964f6,a7adc37a-b16e-41de-959f-2375eacda0eb,365dc686-0269-401a-a563-223ff9faece6,,13,2026-03-21 11:27:33.202+00,2026-03-21 11:27:33.202+00
254c77bd-0a98-4107-a2b3-49ed1fc9a2b6,76ca86ae-4ad0-45be-bce8-4a8778d5e601,77a3f693-efc2-4913-89c7-91a3637d97b6,,6,2026-03-22 02:00:15.022+00,2026-03-22 02:00:15.022+00
2667c15e-18e2-4ad8-bca0-5781a9fbdf21,4a3f965a-85a6-4e6c-85dc-aa0977042981,ead0d6cf-b5ff-4c9c-9be1-f9ef4815b11c,,9,2026-03-21 11:25:20.766+00,2026-03-21 11:25:20.766+00
26cea272-24fb-48c0-81d4-262a5c2142cc,fd634061-cca1-4395-8caf-cb6dca25e77e,7cd7ce83-7edc-4972-9fe2-d2fe2f52f553,,4,2026-03-22 01:54:26.289+00,2026-03-22 01:54:26.289+00
2721bfdc-b5b4-4888-a584-c2e8e70f85ab,517bf770-efb1-4c5b-8994-b60c6a459254,50ee830b-08d4-482a-97bb-fce66b4c1f25,,0,2026-03-21 11:15:47.833+00,2026-03-21 11:15:47.833+00
27c5dce6-8bfa-4283-83c2-d60260735fbf,6c08e655-a3b9-45b9-bb77-c38b29803791,13b1de38-decd-49fc-9cb2-a450802fafd8,,2,2026-03-22 01:58:32.87+00,2026-03-22 01:58:32.87+00
280b57bd-6237-49df-ae72-ffefccab317e,be5c4e9a-4e59-42b0-ba57-d7e959e14d1e,1d9b0e42-a341-4a82-a800-00aeb6138759,,5,2026-03-21 11:15:03.703+00,2026-03-21 11:15:03.703+00
2a5af13b-b8fc-4e80-b310-7d41a5c85fa0,4192ca93-234c-4cae-9b3e-f080eb74762d,769a9448-a204-4b22-a6b2-8c8a1239d1d7,,4,2026-03-21 15:12:17.655+00,2026-03-21 15:12:17.655+00
2b3bcd9a-9b41-46a1-bf4a-d7f68642eedf,6c08e655-a3b9-45b9-bb77-c38b29803791,c512ca74-75c3-45e0-9e33-daabdfcd8ab8,,1,2026-03-22 01:58:32.87+00,2026-03-22 01:58:32.87+00
2c206435-aa81-4183-b6fe-6848aa749c42,c3848e7f-e9af-4978-b134-3e3a4cb12bfb,b988eaa1-7887-4cab-9190-7b56a0fd568d,,2,2026-03-22 01:42:25.065+00,2026-03-22 01:42:25.065+00
2d16a4a9-e1e1-4997-8a07-5ff11a29f61d,76ca86ae-4ad0-45be-bce8-4a8778d5e601,52f3fc19-8314-4d3f-bf5f-7eeef04df8ed,,3,2026-03-22 02:00:15.022+00,2026-03-22 02:00:15.022+00
2d193acf-cbd8-489b-8fc1-2e78260fe672,222f3b4d-d0dd-41ba-9823-190a26ef1d75,f7aca410-1a6a-4fec-b20f-3a033a95709d,,31,2026-03-21 11:16:58.219+00,2026-03-21 11:16:58.219+00
2d8b8e64-c4b1-4717-9dbb-1d414c42c22f,fd634061-cca1-4395-8caf-cb6dca25e77e,b9e6365c-56c5-43d0-aa7c-46c7b8dd18f9,,0,2026-03-22 01:54:26.289+00,2026-03-22 01:54:26.289+00
2e625cf7-027e-4a43-b6a4-43d6a3215538,222f3b4d-d0dd-41ba-9823-190a26ef1d75,2c3c2ba0-9525-434e-bee1-bcd500746f89,,21,2026-03-21 11:16:58.219+00,2026-03-21 11:16:58.219+00
2f3b38b5-bc00-4604-aac3-541d74c8ff07,248f696f-e48f-4601-8323-4ca9b6f0b59f,d4ae3c60-b37f-43e6-9f55-937f52959850,,2,2026-03-20 09:35:08.825+00,2026-03-20 09:35:08.825+00
30786b65-959b-479a-a146-d7ee0ca515d4,76ca86ae-4ad0-45be-bce8-4a8778d5e601,f88b196d-49ba-4343-acd0-28297a6e4458,,5,2026-03-22 02:00:15.022+00,2026-03-22 02:00:15.022+00
30e76473-be56-4cac-9ce9-ee76ca74a218,41992cd2-e912-4ec4-97b3-ed6257529107,b96906c0-84d6-4e6d-b28e-b6e77d6b3a43,,3,2026-03-22 02:08:38.9+00,2026-03-22 02:08:38.9+00
31ca1d7a-5783-422f-9e82-22c9bb01b360,cd21f024-f2bb-4e4f-a069-6c3706dd9a13,4845262c-f749-4106-ac87-6cacdc5970a4,,19,2026-03-22 02:11:42.619+00,2026-03-22 02:11:42.619+00
324edf41-a764-4a04-a308-5326c00f0b00,c3848e7f-e9af-4978-b134-3e3a4cb12bfb,6f6f6af0-bf8f-48cd-bf29-6a8537d8d077,,0,2026-03-22 01:42:25.065+00,2026-03-22 01:42:25.065+00
3278f392-940a-498e-998a-ebe2890a52c3,ff90a69f-7e87-47dd-9655-157207e152a4,115616e3-9cbf-48e5-b372-cf950c92a3c1,,1,2026-03-21 11:14:12.244+00,2026-03-21 11:14:12.244+00
335d41a3-781f-408d-b593-09de1153e964,29a47360-1481-4b97-8a93-896438573c88,c5db1ff2-cc46-4f98-a226-e285d0c87d04,,0,2026-03-21 16:14:49.907+00,2026-03-21 16:14:49.907+00
341eaf37-2ac0-4650-bf6e-986939954c23,76ca86ae-4ad0-45be-bce8-4a8778d5e601,633414f7-3075-4a1e-ac7d-d546824a2851,,1,2026-03-22 02:00:15.022+00,2026-03-22 02:00:15.022+00
3500b73c-c552-407b-b241-c859d55c048e,222f3b4d-d0dd-41ba-9823-190a26ef1d75,67c3ead6-82b6-4a4a-bc45-2e072ac352e7,,20,2026-03-21 11:16:58.219+00,2026-03-21 11:16:58.219+00
35ffe52c-893a-4e90-b569-bdadd9434589,c235d3bd-ff62-4d8d-9b16-e942bc152b85,e94a2160-b622-4200-88d9-6e3a797810ac,,33,2026-03-20 10:24:25.63+00,2026-03-20 10:24:25.63+00
3781a9b2-bde9-48ea-bcdb-29b2e4d9dafd,dfefe442-89e0-43e6-9cdb-39f67c92e037,db938b72-e360-4158-a483-68fd14038730,,5,2026-03-22 01:51:54.334+00,2026-03-22 01:51:54.334+00
37e1b008-771c-491d-be43-b4fd986c5a96,5c7787d2-75cb-4e27-8d50-9664b18b487b,46ffaee6-7f16-494e-b63a-5b117c1436b1,,13,2026-03-22 01:41:33.062+00,2026-03-22 01:41:33.062+00
38038df8-3dd2-4d00-b545-9b9b6530fcf5,93d1f59b-c246-40fa-b108-d9960bf3556e,8ce8ae77-5861-428c-8ef0-00ca5ef00019,,1,2026-03-22 02:02:19.259+00,2026-03-22 02:02:19.259+00
39bf68e8-9bc6-4e99-9a64-6da6dfdabbc2,54571063-ffe8-44cb-99d1-c06439467d74,4526c480-50dc-4be2-b689-33047013f779,,6,2026-03-21 11:29:59.609+00,2026-03-21 11:29:59.609+00
3b7e5712-cefb-4cdd-b9d7-0972b6a91966,222f3b4d-d0dd-41ba-9823-190a26ef1d75,871d6e2b-f21f-4894-880f-d9f91c4c5625,,18,2026-03-21 11:16:58.219+00,2026-03-21 11:16:58.219+00
3be605c3-8975-439f-a13d-3955f78b06cc,a7adc37a-b16e-41de-959f-2375eacda0eb,38980bef-9fa2-419a-85eb-ad73d69d99fd,,19,2026-03-21 11:27:33.202+00,2026-03-21 11:27:33.202+00
3cf37204-256d-46b9-bab2-f503a47a7c2f,a7adc37a-b16e-41de-959f-2375eacda0eb,598a9a47-0256-487f-8dbf-16c02f486f7c,,10,2026-03-21 11:27:33.202+00,2026-03-21 11:27:33.202+00
3d6aef19-4c90-4ac3-a5bb-78cd20ea1fb5,44467fd2-dc8b-434a-9617-9b25022da91b,9550f71d-13ad-40f0-b065-4adc1c808fd3,,1,2026-03-22 01:40:44.022+00,2026-03-22 01:40:44.022+00
3e00812a-67b0-4c56-a4d8-5153f507d9fc,a7adc37a-b16e-41de-959f-2375eacda0eb,df5ea0bb-a53c-4f1b-8094-7a7dff22e8ae,,18,2026-03-21 11:27:33.202+00,2026-03-21 11:27:33.202+00
3edc85c5-2b46-4c15-8802-a9eea3a96cc8,c235d3bd-ff62-4d8d-9b16-e942bc152b85,65fcd374-0dc2-486f-8933-5c69b7b338aa,,3,2026-03-20 10:24:25.63+00,2026-03-20 10:24:25.63+00
3ee13d10-6c9a-4502-a660-879250651413,57f2d88e-0464-4c20-b132-c19e1fde10ad,bfb4ab09-ad07-4858-b49f-05ea02d0ac2b,,2,2026-03-21 15:12:39.169+00,2026-03-21 15:12:39.169+00
3f0f3258-2914-4a33-a226-4441d3e0bbf2,2b286a94-c02c-4c9c-b709-98a6a325690c,c4ecd7d3-3438-402d-8436-92eb85b99a56,,2,2026-03-21 11:19:13.223+00,2026-03-21 11:19:13.223+00
40041447-0dfd-4e20-8c0a-42d33e89c2ae,a7adc37a-b16e-41de-959f-2375eacda0eb,416b98f7-b9b9-4ee4-9699-0aa1479c214b,,16,2026-03-21 11:27:33.202+00,2026-03-21 11:27:33.202+00
4045506a-4a32-4399-b187-0bd746cc5cf1,222f3b4d-d0dd-41ba-9823-190a26ef1d75,84a32504-0d59-42cf-9663-844ec2a61cce,,6,2026-03-21 11:16:58.219+00,2026-03-21 11:16:58.219+00
40dc4618-7aab-4506-a9a6-c6156af7bfdf,4192ca93-234c-4cae-9b3e-f080eb74762d,342395d5-27a8-41db-a035-66c1f004e094,,2,2026-03-21 15:12:17.655+00,2026-03-21 15:12:17.655+00
4270bb1f-f7dd-4344-be25-dd33ffa9accd,4192ca93-234c-4cae-9b3e-f080eb74762d,71ec8b22-0317-40ba-92d2-c57a830817b1,,5,2026-03-21 15:12:17.655+00,2026-03-21 15:12:17.655+00
42e83866-71fd-4354-a83c-09cccbaf0442,cd21f024-f2bb-4e4f-a069-6c3706dd9a13,ece020fd-7f40-4fcd-bb24-42bd3454fe8c,,2,2026-03-22 02:11:42.619+00,2026-03-22 02:11:42.619+00
42f00dc0-28d0-41f6-b6eb-caaf1713b59b,c235d3bd-ff62-4d8d-9b16-e942bc152b85,84a32504-0d59-42cf-9663-844ec2a61cce,,6,2026-03-20 10:24:25.63+00,2026-03-20 10:24:25.63+00
42f2c15e-4840-4830-9de7-702857d544d7,7a6dabae-a0cb-4155-a6fb-b239d54da162,b3e3d8ab-b42c-4dc6-a402-d6d75b2a35bc,,5,2026-03-22 01:37:37.805+00,2026-03-22 01:37:37.805+00
44e7e415-bcfc-45bc-8ffa-d8d0c30bcd35,a7adc37a-b16e-41de-959f-2375eacda0eb,5ac6996f-c829-4a0f-ad03-3c3e29de7dd4,,14,2026-03-21 11:27:33.202+00,2026-03-21 11:27:33.202+00
45a9e952-9f36-43ae-91c3-84766ddc79d0,2852a33a-3704-484b-abfb-db254b273850,c318c42e-c51e-4b00-a348-589b73490451,,2,2026-03-22 01:48:55.476+00,2026-03-22 01:48:55.476+00
45bf13e6-7a8b-46a8-9c18-879a76c8127a,248f696f-e48f-4601-8323-4ca9b6f0b59f,10786544-0219-43b5-b6a2-eccee18648fd,,1,2026-03-20 09:35:08.825+00,2026-03-20 09:35:08.825+00
46348a47-cf3d-4da1-8e75-3641681c873f,c235d3bd-ff62-4d8d-9b16-e942bc152b85,871d6e2b-f21f-4894-880f-d9f91c4c5625,,18,2026-03-20 10:24:25.63+00,2026-03-20 10:24:25.63+00
46b199f9-53a4-4a01-abf1-8113a2e9309c,2b286a94-c02c-4c9c-b709-98a6a325690c,e4c55068-1c6f-465f-ac62-82e40cbdeca4,,3,2026-03-21 11:19:13.223+00,2026-03-21 11:19:13.223+00
4754d298-f4c4-408c-a3eb-c3c645620ca6,7a6dabae-a0cb-4155-a6fb-b239d54da162,3adef6b8-c710-4ee2-af89-14a07e450b4e,,0,2026-03-22 01:37:37.805+00,2026-03-22 01:37:37.805+00
47a0da0a-b915-4a98-b0a2-88db14a8e54e,222f3b4d-d0dd-41ba-9823-190a26ef1d75,ef3efca1-7aae-4702-b37f-4fce58f37f5d,,11,2026-03-21 11:16:58.219+00,2026-03-21 11:16:58.219+00
4814547b-b71c-49d5-9764-53c14aa9c8b4,4948daf7-8fce-4817-addc-d7555659db3a,ee3724aa-4021-4b7d-9216-d7a0600494fa,,0,2026-03-22 02:16:58.056+00,2026-03-22 02:16:58.056+00
49178e5c-3ea0-43cb-9628-be9aee300d42,964cb405-682e-45cc-99b0-9c9bcbd70708,871d6e2b-f21f-4894-880f-d9f91c4c5625,,0,2026-03-21 15:12:47.166+00,2026-03-21 15:12:47.166+00
4927d88b-c513-4f0d-9ef4-2471f2eccc3e,2cc683a8-3a85-4952-b30b-f1c165daf696,92cbaa82-5ada-4b5a-a205-db0dc2bed806,,2,2026-03-22 02:12:51.905+00,2026-03-22 02:12:51.905+00
494eddae-e5c8-4b4a-8513-28227ffab0f5,a7adc37a-b16e-41de-959f-2375eacda0eb,833f0233-f68d-43c5-90b1-921c3e902050,,5,2026-03-21 11:27:33.202+00,2026-03-21 11:27:33.202+00
49bada4d-e701-4a07-8c05-6e7d3f76a91f,2cc683a8-3a85-4952-b30b-f1c165daf696,0311285e-c6df-4816-83a9-e88bcc9a3094,,7,2026-03-22 02:12:51.905+00,2026-03-22 02:12:51.905+00
4a61936c-d1f5-44e7-b1a1-7068e5435460,5c7787d2-75cb-4e27-8d50-9664b18b487b,33556eca-97db-4ced-b508-9d3145b3327f,,0,2026-03-22 01:41:33.062+00,2026-03-22 01:41:33.062+00
4ae4526c-61d4-439d-9538-d7ad20201539,57f2d88e-0464-4c20-b132-c19e1fde10ad,739617aa-b6b0-4dad-9676-dce2150f42ea,,4,2026-03-21 15:12:39.169+00,2026-03-21 15:12:39.169+00
4b945858-0c3e-48ea-8b7f-360ba90c4234,fd634061-cca1-4395-8caf-cb6dca25e77e,89a4253f-0350-4592-8efc-f73c34fe0ae6,,7,2026-03-22 01:54:26.289+00,2026-03-22 01:54:26.289+00
4c9f2572-478a-4693-903e-306e9d1c5899,c235d3bd-ff62-4d8d-9b16-e942bc152b85,d4ae3c60-b37f-43e6-9f55-937f52959850,,4,2026-03-20 10:24:25.63+00,2026-03-20 10:24:25.63+00
4cc1f8e8-7b1d-4887-a04d-7196ba31e73c,222f3b4d-d0dd-41ba-9823-190a26ef1d75,b9e6365c-56c5-43d0-aa7c-46c7b8dd18f9,,13,2026-03-21 11:16:58.219+00,2026-03-21 11:16:58.219+00
4d491536-4814-4c81-9be9-2ed953dbc72f,ff90a69f-7e87-47dd-9655-157207e152a4,2167d9a9-564a-4579-b8df-a4a83686ebfc,,0,2026-03-21 11:14:12.244+00,2026-03-21 11:14:12.244+00
4d674aeb-3fe5-4d53-a737-ba10fa87de53,93d1f59b-c246-40fa-b108-d9960bf3556e,6f6f6af0-bf8f-48cd-bf29-6a8537d8d077,,4,2026-03-22 02:02:19.259+00,2026-03-22 02:02:19.259+00
4ef10dab-944d-4c5e-ba9e-e97866bc8d38,93d1f59b-c246-40fa-b108-d9960bf3556e,b9e6365c-56c5-43d0-aa7c-46c7b8dd18f9,,0,2026-03-22 02:02:19.259+00,2026-03-22 02:02:19.259+00
51053696-73a3-4ebd-8737-ceb616b279cc,3c359208-ad2e-4668-ab35-cdb54909aba4,c512ca74-75c3-45e0-9e33-daabdfcd8ab8,,0,2026-03-22 02:01:21.335+00,2026-03-22 02:01:21.335+00
526eeb9a-19af-478c-b7d0-1e242edad0b3,5c7787d2-75cb-4e27-8d50-9664b18b487b,b4033c22-a752-4a53-8ef9-caa691f6fef0,,8,2026-03-22 01:41:33.062+00,2026-03-22 01:41:33.062+00
53e5c3b0-1d46-44e8-866d-ec3a2d415d61,44467fd2-dc8b-434a-9617-9b25022da91b,7bde3532-9f97-419e-8cb5-72821f7e8b3c,,0,2026-03-22 01:40:44.022+00,2026-03-22 01:40:44.022+00
53e86efc-3529-4f46-8e7b-73b54b36c254,c025f8c3-98e3-44f1-9adc-cdd603decf0a,8ce8ae77-5861-428c-8ef0-00ca5ef00019,,4,2026-03-22 01:50:37.508+00,2026-03-22 01:50:37.508+00
540a3e0d-2c48-40fd-8934-a5f07225e670,5c7787d2-75cb-4e27-8d50-9664b18b487b,52ce9e17-ca2b-4dd8-8772-0bbe698b8524,,15,2026-03-22 01:41:33.062+00,2026-03-22 01:41:33.062+00
54a17c94-bb66-461f-bf7d-8870208a9960,c025f8c3-98e3-44f1-9adc-cdd603decf0a,b988eaa1-7887-4cab-9190-7b56a0fd568d,,3,2026-03-22 01:50:37.508+00,2026-03-22 01:50:37.508+00
5564bfe1-6368-40d8-9057-9602f5c9c970,cd21f024-f2bb-4e4f-a069-6c3706dd9a13,b7a0b2bf-d4bf-4efd-b94d-47725980215d,,6,2026-03-22 02:11:42.619+00,2026-03-22 02:11:42.619+00
5573fc8c-ff07-4103-8d5d-d3b4f5b05a39,cd21f024-f2bb-4e4f-a069-6c3706dd9a13,bcebf2e7-3c86-4b66-879f-c5c5cbe8364d,,4,2026-03-22 02:11:42.619+00,2026-03-22 02:11:42.619+00
5668b0cc-7016-47c6-a5cb-5e95bcc413cf,01eae3af-93d7-4de0-a70e-c0176b10755c,d4ae3c60-b37f-43e6-9f55-937f52959850,,0,2026-03-22 01:57:49.229+00,2026-03-22 01:57:49.229+00
57263b9d-b394-47d4-a9ee-f129f86b233a,964cb405-682e-45cc-99b0-9c9bcbd70708,e60a07b3-654a-4f11-ae38-191c74974fd4,,6,2026-03-21 15:12:47.166+00,2026-03-21 15:12:47.166+00
57c7a616-36a2-4c94-9688-ea21ca9fcf6c,dfefe442-89e0-43e6-9cdb-39f67c92e037,13b1de38-decd-49fc-9cb2-a450802fafd8,,11,2026-03-22 01:51:54.334+00,2026-03-22 01:51:54.334+00
59c96b63-e9e2-4097-9748-7a894394a583,c8fb9302-db1f-4bac-91e5-0c2b67786831,83cad677-e54a-4c40-8d5e-4f7b6e8c34c0,,0,2026-03-21 11:23:28.095+00,2026-03-21 11:23:28.095+00
5b18ce1b-9af0-46eb-8a55-e427ca372cfb,2b286a94-c02c-4c9c-b709-98a6a325690c,e41a0cc4-8910-4bf5-a0f0-9c49d3fde479,,9,2026-03-21 11:19:13.223+00,2026-03-21 11:19:13.223+00
5bb9a680-a0d0-4859-b8fb-e4996edf1bef,5c7787d2-75cb-4e27-8d50-9664b18b487b,caae484c-0cb8-4505-9e70-55ade527e729,,10,2026-03-22 01:41:33.062+00,2026-03-22 01:41:33.062+00
5e64008b-1b98-44f0-8549-b6d1cf8a485d,4a3f965a-85a6-4e6c-85dc-aa0977042981,1edde553-5788-4215-99f0-a10b8d908522,,7,2026-03-21 11:25:20.766+00,2026-03-21 11:25:20.766+00
5e6b7018-4d37-4d19-aaa3-3ec9f20866cd,76ca86ae-4ad0-45be-bce8-4a8778d5e601,06349aca-7b1e-4f01-a4ae-08f5e8242cdc,,9,2026-03-22 02:00:15.022+00,2026-03-22 02:00:15.022+00
5ed18c99-139a-4cb9-82f9-409395938b51,2b286a94-c02c-4c9c-b709-98a6a325690c,7ded1c36-6335-4318-a6f2-0cf11c80d664,,6,2026-03-21 11:19:13.223+00,2026-03-21 11:19:13.223+00
5f03e420-5b52-4d3d-befc-f95264698616,517bf770-efb1-4c5b-8994-b60c6a459254,9a96a036-2c44-4a9c-9118-defc994f14b3,,3,2026-03-21 11:15:47.833+00,2026-03-21 11:15:47.833+00
5f7e738d-4cec-453d-8f1c-5fc87aad4962,c235d3bd-ff62-4d8d-9b16-e942bc152b85,2c3c2ba0-9525-434e-bee1-bcd500746f89,,21,2026-03-20 10:24:25.63+00,2026-03-20 10:24:25.63+00
5f96e6a9-3b3c-42a3-86d9-3e0f4e0785e6,2cc683a8-3a85-4952-b30b-f1c165daf696,e7490eaa-5de9-428a-a1e3-0a83b4609224,,8,2026-03-22 02:12:51.905+00,2026-03-22 02:12:51.905+00
61a49438-58ca-474a-9285-1ea43544cad3,ff90a69f-7e87-47dd-9655-157207e152a4,170af492-ba02-4287-a6a6-cd5452bf06c8,,3,2026-03-21 11:14:12.244+00,2026-03-21 11:14:12.244+00
63cdd929-fc61-4203-8e05-0eb971653de7,c235d3bd-ff62-4d8d-9b16-e942bc152b85,67c3ead6-82b6-4a4a-bc45-2e072ac352e7,,20,2026-03-20 10:24:25.63+00,2026-03-20 10:24:25.63+00
6471101a-43bd-4521-8970-1854377dbd4d,dfefe442-89e0-43e6-9cdb-39f67c92e037,0311285e-c6df-4816-83a9-e88bcc9a3094,,8,2026-03-22 01:51:54.334+00,2026-03-22 01:51:54.334+00
64da4834-6ed9-4351-8423-935ec23906bc,a7adc37a-b16e-41de-959f-2375eacda0eb,f234a250-f14f-4ffd-86be-41fc85e5a258,,4,2026-03-21 11:27:33.202+00,2026-03-21 11:27:33.202+00
6569d854-c037-4611-b0e1-b7b29760d8e0,c235d3bd-ff62-4d8d-9b16-e942bc152b85,b988eaa1-7887-4cab-9190-7b56a0fd568d,,28,2026-03-20 10:24:25.63+00,2026-03-20 10:24:25.63+00
6678e9fb-5178-4b3f-b435-79468626bdcb,5c7787d2-75cb-4e27-8d50-9664b18b487b,8364cf28-84ff-4d69-8a8a-664d573045ae,,18,2026-03-22 01:41:33.062+00,2026-03-22 01:41:33.062+00
66f0594c-0ef9-462d-92dd-4a3115d63b11,5c7787d2-75cb-4e27-8d50-9664b18b487b,dcafc0a3-8077-47ae-9d54-793b6c71f71e,,1,2026-03-22 01:41:33.062+00,2026-03-22 01:41:33.062+00
6749f957-4312-44a8-8443-f25e3a6f1e76,fd634061-cca1-4395-8caf-cb6dca25e77e,0d8a9d54-31bb-40a3-8699-01ee8ebf1940,,2,2026-03-22 01:54:26.289+00,2026-03-22 01:54:26.289+00
674aa454-aebb-4923-b01e-0e5db67a8d5b,4192ca93-234c-4cae-9b3e-f080eb74762d,7d7cf2e4-dde0-437b-ac74-156606a18015,,0,2026-03-21 15:12:17.655+00,2026-03-21 15:12:17.655+00
675d6dc4-a3d4-4367-b536-87bba4717074,81691957-d373-413f-bd2d-404a6275bebc,7380dc51-d41b-4621-ba44-7448df7bd207,,2,2026-03-21 11:12:50.335+00,2026-03-21 11:12:50.335+00
679b8761-0c30-4869-98ee-c5db1676fc02,fd634061-cca1-4395-8caf-cb6dca25e77e,ed366df3-3d67-4c7a-b94e-a6804b7b605e,,1,2026-03-22 01:54:26.289+00,2026-03-22 01:54:26.289+00
67cc6806-599a-47cf-a970-08df835cf119,c025f8c3-98e3-44f1-9adc-cdd603decf0a,6f6f6af0-bf8f-48cd-bf29-6a8537d8d077,,1,2026-03-22 01:50:37.508+00,2026-03-22 01:50:37.508+00
67ff6841-5f30-499e-aa7e-9b491b57bc03,2b286a94-c02c-4c9c-b709-98a6a325690c,cd792010-f334-4aee-bcb1-c6bb9a71f49c,,5,2026-03-21 11:19:13.223+00,2026-03-21 11:19:13.223+00
6855c590-9874-41e3-81c3-d9f02f9f7a2e,7a6dabae-a0cb-4155-a6fb-b239d54da162,c512ca74-75c3-45e0-9e33-daabdfcd8ab8,,7,2026-03-22 01:37:37.805+00,2026-03-22 01:37:37.805+00
687ddafd-fc5e-42a2-8b69-397733c45b2a,cd21f024-f2bb-4e4f-a069-6c3706dd9a13,d206659d-876d-43cc-acf7-66cf75283bd2,,30,2026-03-22 02:11:42.619+00,2026-03-22 02:11:42.619+00
695f332a-c941-4b7d-9aa6-8e019618843e,a7adc37a-b16e-41de-959f-2375eacda0eb,3c77dd84-3e73-4684-b449-2162964c245c,,22,2026-03-21 11:27:33.202+00,2026-03-21 11:27:33.202+00
69897b08-3ca7-476a-a38f-7e47d3b1a4f1,964cb405-682e-45cc-99b0-9c9bcbd70708,67c3ead6-82b6-4a4a-bc45-2e072ac352e7,,1,2026-03-21 15:12:47.166+00,2026-03-21 15:12:47.166+00
69b54715-02d3-4583-86d9-35a857f73189,a7adc37a-b16e-41de-959f-2375eacda0eb,a1c53666-6904-4a0b-b621-db45e7b4d23e,,11,2026-03-21 11:27:33.202+00,2026-03-21 11:27:33.202+00
6bae8451-530f-4dc4-a4a4-608da8105b71,f791865a-38c4-4667-9001-17a2e7f6ce03,a6e5f701-561f-44fe-8b5f-2d002f8589fc,,2,2026-03-20 09:45:32.563+00,2026-03-20 09:45:32.563+00
6e2a3bb2-6c92-4a20-8b73-505b8e1b42b1,4948daf7-8fce-4817-addc-d7555659db3a,7d24e800-6254-48b2-baaf-e276057091e8,,1,2026-03-22 02:16:58.056+00,2026-03-22 02:16:58.056+00
6e65a572-3c7f-4a46-9e6d-12a789bab41f,a7adc37a-b16e-41de-959f-2375eacda0eb,b96906c0-84d6-4e6d-b28e-b6e77d6b3a43,,23,2026-03-21 11:27:33.202+00,2026-03-21 11:27:33.202+00
6f54627c-7315-4d23-9b3c-23a8663a1c41,2cc683a8-3a85-4952-b30b-f1c165daf696,ea9f221d-2f8e-4166-b81c-82b16dd26168,,3,2026-03-22 02:12:51.905+00,2026-03-22 02:12:51.905+00
6fc38c23-a51a-4adc-9768-7e2256031e46,54571063-ffe8-44cb-99d1-c06439467d74,75f9b06f-6b2a-48f1-bef6-31aa2f9de03e,,7,2026-03-21 11:29:59.609+00,2026-03-21 11:29:59.609+00
70db8f3a-f2b7-4199-9d5c-0af7b454dd41,4a3f965a-85a6-4e6c-85dc-aa0977042981,57a974c7-371e-4ad6-be04-d5c7d329caf6,,0,2026-03-21 11:25:20.766+00,2026-03-21 11:25:20.766+00
72b4e385-d8f1-4472-a22a-b66b19bb96e7,222f3b4d-d0dd-41ba-9823-190a26ef1d75,89a4253f-0350-4592-8efc-f73c34fe0ae6,,8,2026-03-21 11:16:58.219+00,2026-03-21 11:16:58.219+00
72be1487-448b-466a-ace4-02e6862b7207,c235d3bd-ff62-4d8d-9b16-e942bc152b85,7cd7ce83-7edc-4972-9fe2-d2fe2f52f553,,27,2026-03-20 10:24:25.63+00,2026-03-20 10:24:25.63+00
72cab29f-a344-4212-8c3e-75832f2582c8,be5c4e9a-4e59-42b0-ba57-d7e959e14d1e,21e89dc2-1114-4a53-b27e-f28ce8ae333f,,0,2026-03-21 11:15:03.703+00,2026-03-21 11:15:03.703+00
72f5c0ce-79f2-4186-bef9-179d4bdce71c,222f3b4d-d0dd-41ba-9823-190a26ef1d75,80491d9e-12ec-40cb-8f58-02b3f7eb2766,,7,2026-03-21 11:16:58.219+00,2026-03-21 11:16:58.219+00
72f5f17b-2c54-4f3b-b50a-6f92f31ccb7d,c025f8c3-98e3-44f1-9adc-cdd603decf0a,0d8a9d54-31bb-40a3-8699-01ee8ebf1940,,0,2026-03-22 01:50:37.508+00,2026-03-22 01:50:37.508+00
7389fcf3-3b6d-46c6-bce1-8874ccbf6930,cd21f024-f2bb-4e4f-a069-6c3706dd9a13,6d688eba-d306-4a88-8c6a-c6d0162c3c28,,25,2026-03-22 02:11:42.619+00,2026-03-22 02:11:42.619+00
7452978f-f9ff-45b0-8e5f-4709944a2ff7,76ca86ae-4ad0-45be-bce8-4a8778d5e601,dcafc0a3-8077-47ae-9d54-793b6c71f71e,,2,2026-03-22 02:00:15.022+00,2026-03-22 02:00:15.022+00
749be6df-a528-4aac-acfb-97ab387bc576,5c7787d2-75cb-4e27-8d50-9664b18b487b,565995d7-831b-4481-b38e-35e3dc7404a1,,16,2026-03-22 01:41:33.062+00,2026-03-22 01:41:33.062+00
74c5fafb-1af3-42e8-a3d4-8f82bf415858,5ac80d56-51b0-446b-9462-75a0114cfad9,170af492-ba02-4287-a6a6-cd5452bf06c8,,0,2026-03-22 02:07:00.826+00,2026-03-22 02:07:00.826+00
74f735b4-82cf-4391-a82a-97968ba33671,517bf770-efb1-4c5b-8994-b60c6a459254,4135f7d3-5926-43e5-b74e-3a87fbdab79e,,4,2026-03-21 11:15:47.833+00,2026-03-21 11:15:47.833+00
75306eb5-0e39-4dd0-9eca-ed3e0d9522e5,9fa89908-33c5-4e61-a935-6ec28b6b5ff4,34288965-16a3-44f6-940a-16c4cf7980e0,,0,2026-03-22 02:03:33.068+00,2026-03-22 02:03:33.068+00
7591e74c-da7b-4fd1-a554-5182912855b1,222f3b4d-d0dd-41ba-9823-190a26ef1d75,94075cee-576f-4c30-9f60-2da767052fef,,3,2026-03-21 11:16:58.219+00,2026-03-21 11:16:58.219+00
78084b93-0cd7-48d0-8c3a-b503f2c7f8f7,8e0a37b4-9fda-4e69-a519-4ee5c75f6853,f7aca410-1a6a-4fec-b20f-3a033a95709d,,1,2026-03-22 02:09:26.92+00,2026-03-22 02:09:26.92+00
787b66ee-107e-4c44-8436-25573be48cc7,7a6dabae-a0cb-4155-a6fb-b239d54da162,3f39626e-c36a-43e7-8e4d-0024b66daf04,,3,2026-03-22 01:37:37.805+00,2026-03-22 01:37:37.805+00
7966c001-8402-4b70-9349-7d7eca71d9fa,504a6069-4a87-4b60-b0fc-09ecd54fc8f5,06869b63-9d46-4910-953c-a150cd05c10f,,2,2026-03-22 01:56:43.032+00,2026-03-22 01:56:43.032+00
7970ec6a-71e7-480e-99c7-868ac6544e7b,2b286a94-c02c-4c9c-b709-98a6a325690c,c535d4ab-7833-47bc-a74a-242318b81f05,,1,2026-03-21 11:19:13.223+00,2026-03-21 11:19:13.223+00
79a9cd3e-6811-4a73-b1a2-9434835731ea,c235d3bd-ff62-4d8d-9b16-e942bc152b85,b9e6365c-56c5-43d0-aa7c-46c7b8dd18f9,,13,2026-03-20 10:24:25.63+00,2026-03-20 10:24:25.63+00
79c5e4a8-a3cd-4fbb-8227-6c8573b7c1ac,54571063-ffe8-44cb-99d1-c06439467d74,e5c57d3a-07d7-429f-b6ce-8c9618d4579a,,0,2026-03-21 11:29:59.609+00,2026-03-21 11:29:59.609+00
7a18ac29-200d-4d98-9c9f-1fa1379711c7,4948daf7-8fce-4817-addc-d7555659db3a,40376cdd-853f-422b-8a5f-7b7a69cb8a81,,3,2026-03-22 02:16:58.056+00,2026-03-22 02:16:58.056+00
7a1bc207-e2fe-4bdc-afb6-922fb1c3b1e5,2b286a94-c02c-4c9c-b709-98a6a325690c,5cec0a11-333c-43da-bf84-cba488d8bb2d,,4,2026-03-21 11:19:13.223+00,2026-03-21 11:19:13.223+00
7a2d248f-8e39-4280-a6b9-e32b44100fae,2cc683a8-3a85-4952-b30b-f1c165daf696,fe361175-10f7-48e3-822e-1d8ffd06de14,,9,2026-03-22 02:12:51.905+00,2026-03-22 02:12:51.905+00
7acaf673-c60a-47ed-b670-bc22ca4ba4db,a7adc37a-b16e-41de-959f-2375eacda0eb,c42176ba-4aed-45a0-93a5-06f220864df1,,1,2026-03-21 11:27:33.202+00,2026-03-21 11:27:33.202+00
7be037fa-905f-43bc-8c79-6771bdc47620,c884bded-af3f-45ce-94bb-57a7abf55232,0487cab8-86ff-4cd3-9934-87dbe099fdd2,,5,2026-03-21 15:12:03.71+00,2026-03-21 15:12:03.71+00
7e5e3a19-be13-4844-9fc9-3f1fa451a011,f791865a-38c4-4667-9001-17a2e7f6ce03,57a974c7-371e-4ad6-be04-d5c7d329caf6,,0,2026-03-20 09:45:32.563+00,2026-03-20 09:45:32.563+00
7ec27677-53e8-4276-b662-d8cff2a58d43,c0c9c4df-e58e-45c5-bfd4-2f51fbc3f091,12abd973-bf38-4cbb-9fa6-5fbf0b51437d,,1,2026-03-22 02:05:35.607+00,2026-03-22 02:05:35.607+00
80f5b0f8-9a4f-4b21-bc29-0257fa3558af,7a6dabae-a0cb-4155-a6fb-b239d54da162,9d0b6723-31d9-42b0-a3e4-00662e6e9db6,,4,2026-03-22 01:37:37.805+00,2026-03-22 01:37:37.805+00
832af3d8-c827-43e8-a43b-f1c4ce100d83,c884bded-af3f-45ce-94bb-57a7abf55232,7d24e800-6254-48b2-baaf-e276057091e8,,0,2026-03-21 15:12:03.71+00,2026-03-21 15:12:03.71+00
84416f23-eda1-4afd-a42b-8bf3b11fad24,57f2d88e-0464-4c20-b132-c19e1fde10ad,35942621-7ccb-4172-9b5f-1251a5ac3149,,0,2026-03-21 15:12:39.169+00,2026-03-21 15:12:39.169+00
844209e4-e6a9-4d90-9395-d4ab99613408,c481f3e0-56c8-4d71-b57c-fb216d618dbf,32ba8612-2653-4143-a44a-9e64f9c84c17,,2,2026-03-22 01:45:03.465+00,2026-03-22 01:45:03.465+00
844ff7cd-db15-4ab7-8937-8b55c17010e6,2cc683a8-3a85-4952-b30b-f1c165daf696,4cbcbe9e-da81-44a0-b8bd-013b8e828373,,5,2026-03-22 02:12:51.905+00,2026-03-22 02:12:51.905+00
854cd99f-56c6-4898-9dbe-3193d4d9067e,6c08e655-a3b9-45b9-bb77-c38b29803791,b6e89aad-a466-4b9c-a6b6-96517e38866b,,3,2026-03-22 01:58:32.87+00,2026-03-22 01:58:32.87+00
859d9732-156b-44cb-85c2-bdb776e3380a,76ca86ae-4ad0-45be-bce8-4a8778d5e601,8364cf28-84ff-4d69-8a8a-664d573045ae,,18,2026-03-22 02:00:15.022+00,2026-03-22 02:00:15.022+00
865dab81-74ff-485a-aaf9-9455c07a19c0,76ca86ae-4ad0-45be-bce8-4a8778d5e601,200244c7-952e-435a-9282-44cb28dba1a1,,4,2026-03-22 02:00:15.022+00,2026-03-22 02:00:15.022+00
879988c9-e162-48a7-8656-872314ef6db0,2852a33a-3704-484b-abfb-db254b273850,84a32504-0d59-42cf-9663-844ec2a61cce,,0,2026-03-22 01:48:55.476+00,2026-03-22 01:48:55.476+00
87bc713d-07ff-4a18-8a97-879745683821,76ca86ae-4ad0-45be-bce8-4a8778d5e601,c59acb34-6b9f-43aa-b35d-74012f3cfe9b,,17,2026-03-22 02:00:15.022+00,2026-03-22 02:00:15.022+00
883da860-d3dc-4f6d-8665-3a408b4f4c41,cd21f024-f2bb-4e4f-a069-6c3706dd9a13,1b4cb589-195d-4cce-9458-8bf9baaddce2,,1,2026-03-22 02:11:42.619+00,2026-03-22 02:11:42.619+00
89012d55-df71-41d9-8486-0a911df8e8b5,76ca86ae-4ad0-45be-bce8-4a8778d5e601,e522734c-0b37-47b2-8c08-b2650b1a2e47,,12,2026-03-22 02:00:15.022+00,2026-03-22 02:00:15.022+00
8919612f-e5ab-42f7-b6aa-a10f82bdd019,3c359208-ad2e-4668-ab35-cdb54909aba4,b6e89aad-a466-4b9c-a6b6-96517e38866b,,3,2026-03-22 02:01:21.335+00,2026-03-22 02:01:21.335+00
8a9ea77e-0c7a-4d18-a0e9-b3cd30c4356f,44467fd2-dc8b-434a-9617-9b25022da91b,d07c1bb6-8279-4543-ae93-070883609186,,5,2026-03-22 01:40:44.022+00,2026-03-22 01:40:44.022+00
8db05249-34b5-4484-a59a-32c5e9df12b8,a7adc37a-b16e-41de-959f-2375eacda0eb,c29eb1eb-224d-4ed3-b45f-23feeb85e0b2,,12,2026-03-21 11:27:33.202+00,2026-03-21 11:27:33.202+00
8e02cc1e-7c03-43a1-a784-196a8aceb38e,2cc683a8-3a85-4952-b30b-f1c165daf696,686f3166-57a0-44e3-8d8c-14dac6140375,,13,2026-03-22 02:12:51.905+00,2026-03-22 02:12:51.905+00
8e09ccd9-a4b8-4e4e-bcb4-6c7a87a7ebcc,76ca86ae-4ad0-45be-bce8-4a8778d5e601,9929ba1f-a21c-46e0-a18d-ce6d7a68fa30,,11,2026-03-22 02:00:15.022+00,2026-03-22 02:00:15.022+00
8e3320b1-5e3a-4f90-b7c6-5c7ef577ee32,f791865a-38c4-4667-9001-17a2e7f6ce03,12abd973-bf38-4cbb-9fa6-5fbf0b51437d,,1,2026-03-20 09:45:32.563+00,2026-03-20 09:45:32.563+00
8eade9b7-d92c-4c3d-9ea4-4b39f0164b16,cd21f024-f2bb-4e4f-a069-6c3706dd9a13,de93e0d1-5bdf-4b05-b71f-9f6bcedcff58,,17,2026-03-22 02:11:42.619+00,2026-03-22 02:11:42.619+00
8fa46920-048d-401d-b175-593601c2ea15,222f3b4d-d0dd-41ba-9823-190a26ef1d75,d4ae3c60-b37f-43e6-9f55-937f52959850,,2,2026-03-21 11:16:58.219+00,2026-03-21 11:16:58.219+00
8fbfd67a-25b7-4faf-b87e-3a9b70d38373,c884bded-af3f-45ce-94bb-57a7abf55232,307e41e3-54d2-4796-bb16-d542bdd96ff2,,3,2026-03-21 15:12:03.71+00,2026-03-21 15:12:03.71+00
9067fc50-063b-40c2-836b-5deded7a5fea,7e460bb7-5d95-4957-9a80-5e21ef8c6ac3,c7323e4b-32ae-4822-a357-a016e5ad59c8,,1,2026-03-20 10:12:16.736+00,2026-03-20 10:12:16.736+00
906ae061-b6fe-49ee-9b5c-ba1cb938dfc2,222f3b4d-d0dd-41ba-9823-190a26ef1d75,c318c42e-c51e-4b00-a348-589b73490451,,10,2026-03-21 11:16:58.219+00,2026-03-21 11:16:58.219+00
9092a41f-2cc0-4502-80ea-be172ee5f624,5315aad6-a449-496c-bf28-c2e0e6470812,c318c42e-c51e-4b00-a348-589b73490451,,0,2026-03-22 01:49:11.518+00,2026-03-22 01:49:11.518+00
914b3339-a87d-4d71-85d9-977a6a1cd70b,504a6069-4a87-4b60-b0fc-09ecd54fc8f5,9783e7e4-0605-44d0-ad95-f3be65e3e823,,6,2026-03-22 01:56:43.032+00,2026-03-22 01:56:43.032+00
92d4f229-5515-47d3-bae6-149cf170fe3c,4a3f965a-85a6-4e6c-85dc-aa0977042981,bbda3b55-f714-4b12-aa8a-23d55cc4cf43,,3,2026-03-21 11:25:20.766+00,2026-03-21 11:25:20.766+00
93259a75-0048-48ad-91aa-1d1f5098de22,4192ca93-234c-4cae-9b3e-f080eb74762d,a71785e9-6827-4bbc-954b-66ead8e5c0e5,,1,2026-03-21 15:12:17.655+00,2026-03-21 15:12:17.655+00
9354a7fd-ffb0-4a75-9ce8-c2e234115241,4948daf7-8fce-4817-addc-d7555659db3a,23df923d-fc4f-4f9a-80b0-4930c59632a3,,2,2026-03-22 02:16:58.056+00,2026-03-22 02:16:58.056+00
951fb958-1686-4382-aa1f-32be954e0ccf,964cb405-682e-45cc-99b0-9c9bcbd70708,605b4867-502e-4c0f-acb7-47914fb5b425,,5,2026-03-21 15:12:47.166+00,2026-03-21 15:12:47.166+00
9625113a-2011-4562-9ac7-b22b7b38224f,248f696f-e48f-4601-8323-4ca9b6f0b59f,03c58d61-3351-45fd-9331-27cf4f6df903,,0,2026-03-20 09:35:08.825+00,2026-03-20 09:35:08.825+00
96a5a035-b510-4b47-accf-8ae32270b2f5,2852a33a-3704-484b-abfb-db254b273850,89a4253f-0350-4592-8efc-f73c34fe0ae6,,1,2026-03-22 01:48:55.476+00,2026-03-22 01:48:55.476+00
9721a222-d9c3-4836-81e3-9ab7c306a228,ff90a69f-7e87-47dd-9655-157207e152a4,326437cd-9de0-4506-b293-7382b2272f64,,2,2026-03-21 11:14:12.244+00,2026-03-21 11:14:12.244+00
989ab4f7-d617-4fd9-b954-c51701a37e7c,76ca86ae-4ad0-45be-bce8-4a8778d5e601,caae484c-0cb8-4505-9e70-55ade527e729,,10,2026-03-22 02:00:15.022+00,2026-03-22 02:00:15.022+00
99bf9301-3f4d-4856-a217-8ae3a7d59a40,964cb405-682e-45cc-99b0-9c9bcbd70708,b9e6365c-56c5-43d0-aa7c-46c7b8dd18f9,,7,2026-03-21 15:12:47.166+00,2026-03-21 15:12:47.166+00
99d6551e-96cd-4e06-8561-329d8e8b6de9,222f3b4d-d0dd-41ba-9823-190a26ef1d75,10786544-0219-43b5-b6a2-eccee18648fd,test,1,2026-03-21 11:16:58.219+00,2026-03-21 11:16:58.219+00
9a0ac2e5-e1d0-424b-8b5a-23452bbb32ce,c481f3e0-56c8-4d71-b57c-fb216d618dbf,e42a9712-4158-4c37-9dfe-3b0bf3c9fd1f,,1,2026-03-22 01:45:03.465+00,2026-03-22 01:45:03.465+00
9a740176-65cf-42bd-85b1-b79977d9ac9a,4a3f965a-85a6-4e6c-85dc-aa0977042981,a4fcf3c5-9b09-4192-a68a-aa6c5758c54e,,6,2026-03-21 11:25:20.766+00,2026-03-21 11:25:20.766+00
9aaa69c4-6c52-4802-a907-a1f53c017098,57f2d88e-0464-4c20-b132-c19e1fde10ad,75b368c5-8679-4a3f-9c0a-a6f26bcec37d,,3,2026-03-21 15:12:39.169+00,2026-03-21 15:12:39.169+00
9b138eba-0eab-4cb2-9f26-9f53bdc9dc66,cd21f024-f2bb-4e4f-a069-6c3706dd9a13,a25915d5-9bf8-4fae-aaec-1c520284aa84,,13,2026-03-22 02:11:42.619+00,2026-03-22 02:11:42.619+00
9b2f3b09-a426-41c4-a256-1b71e489dab8,c235d3bd-ff62-4d8d-9b16-e942bc152b85,10786544-0219-43b5-b6a2-eccee18648fd,,1,2026-03-20 10:24:25.63+00,2026-03-20 10:24:25.63+00
9c016537-407b-4720-ba2c-e58979afcf70,41992cd2-e912-4ec4-97b3-ed6257529107,66f09ecc-78fb-434a-8f7b-fafa8987d9ba,,0,2026-03-22 02:08:38.9+00,2026-03-22 02:08:38.9+00
9ce812b2-692a-4158-bce4-a51b6d080a15,4a3f965a-85a6-4e6c-85dc-aa0977042981,a6e5f701-561f-44fe-8b5f-2d002f8589fc,,1,2026-03-21 11:25:20.766+00,2026-03-21 11:25:20.766+00
9d17371b-402f-4c6b-9e7f-348e1020bff1,5c7787d2-75cb-4e27-8d50-9664b18b487b,52f3fc19-8314-4d3f-bf5f-7eeef04df8ed,,3,2026-03-22 01:41:33.062+00,2026-03-22 01:41:33.062+00
9d63a7ca-17d1-4ed3-9751-eee3e2c584a2,4a3f965a-85a6-4e6c-85dc-aa0977042981,a85671ec-ded4-465a-aad9-f08d032be2ab,,2,2026-03-21 11:25:20.766+00,2026-03-21 11:25:20.766+00
9ec73f5a-a5fd-4fe7-9b4f-b56b2aa5af64,41992cd2-e912-4ec4-97b3-ed6257529107,a1c53666-6904-4a0b-b621-db45e7b4d23e,,5,2026-03-22 02:08:38.9+00,2026-03-22 02:08:38.9+00
9ef264d5-be47-47af-89d7-014a911e9e82,a7adc37a-b16e-41de-959f-2375eacda0eb,2cb854e6-8e33-4f5b-b6d6-1ec11e255030,,17,2026-03-21 11:27:33.202+00,2026-03-21 11:27:33.202+00
9fca8cdb-de4c-43f8-bf6b-af4247a42e32,c0c9c4df-e58e-45c5-bfd4-2f51fbc3f091,ead0d6cf-b5ff-4c9c-9be1-f9ef4815b11c,,3,2026-03-22 02:05:35.607+00,2026-03-22 02:05:35.607+00
9fd9e5ec-5a9e-471d-99ef-de0a53647a08,54571063-ffe8-44cb-99d1-c06439467d74,f6c1687c-ac31-4390-97fe-3edbb94d0a48,,5,2026-03-21 11:29:59.609+00,2026-03-21 11:29:59.609+00
a0d8cbeb-56b6-4075-a14c-3f68dfc7c116,cd21f024-f2bb-4e4f-a069-6c3706dd9a13,28c8b9eb-7ed3-48b7-83d8-3f77e43b0296,,21,2026-03-22 02:11:42.619+00,2026-03-22 02:11:42.619+00
a0ef72b9-79f5-4033-b6af-ed0aaab05ae8,222f3b4d-d0dd-41ba-9823-190a26ef1d75,07d207e5-b19b-4dc6-af1a-259d935b2909,,24,2026-03-21 11:16:58.219+00,2026-03-21 11:16:58.219+00
a21d5137-6074-479d-8795-115ed8589620,cd21f024-f2bb-4e4f-a069-6c3706dd9a13,90a77127-a3dd-48c8-9e7e-afa80d95a84f,,29,2026-03-22 02:11:42.619+00,2026-03-22 02:11:42.619+00
a25f94ba-bd43-48be-aa8a-efa159a52a18,2cc683a8-3a85-4952-b30b-f1c165daf696,3adef6b8-c710-4ee2-af89-14a07e450b4e,,12,2026-03-22 02:12:51.905+00,2026-03-22 02:12:51.905+00
a29e4812-770f-48f4-8127-26dd0bacc9a2,76ca86ae-4ad0-45be-bce8-4a8778d5e601,d07c1bb6-8279-4543-ae93-070883609186,,7,2026-03-22 02:00:15.022+00,2026-03-22 02:00:15.022+00
a328c4b0-be18-4ee9-86f2-1b22e0d2b54c,7a6dabae-a0cb-4155-a6fb-b239d54da162,686f3166-57a0-44e3-8d8c-14dac6140375,,1,2026-03-22 01:37:37.805+00,2026-03-22 01:37:37.805+00
a3520446-4fce-47bd-8805-56d5745b9627,cd21f024-f2bb-4e4f-a069-6c3706dd9a13,3db36974-904f-49b7-bb62-49b445987a65,,0,2026-03-22 02:11:42.619+00,2026-03-22 02:11:42.619+00
a45807e4-3b5f-4c51-be71-3c3e51482762,c884bded-af3f-45ce-94bb-57a7abf55232,e713767d-e304-4dd0-a78a-aae14d43c7ac,,1,2026-03-21 15:12:03.71+00,2026-03-21 15:12:03.71+00
a484379c-8aaf-450f-9a5b-8daf3d6ba084,2cc683a8-3a85-4952-b30b-f1c165daf696,b199ec00-284e-4f70-a6c6-b3fd7c1d659e,,11,2026-03-22 02:12:51.905+00,2026-03-22 02:12:51.905+00
a48fe972-2b2d-476b-9716-8643f459e4d0,222f3b4d-d0dd-41ba-9823-190a26ef1d75,8ce8ae77-5861-428c-8ef0-00ca5ef00019,,29,2026-03-21 11:16:58.219+00,2026-03-21 11:16:58.219+00
a49ffe00-91d4-4b13-bc0e-c6e723bd718e,c235d3bd-ff62-4d8d-9b16-e942bc152b85,34288965-16a3-44f6-940a-16c4cf7980e0,,22,2026-03-20 10:24:25.63+00,2026-03-20 10:24:25.63+00
a6ac372e-7528-4bc8-8f45-4833db92a382,c0c9c4df-e58e-45c5-bfd4-2f51fbc3f091,c8dc951b-e26a-4e21-a1a2-768941dbde03,,5,2026-03-22 02:05:35.607+00,2026-03-22 02:05:35.607+00
a6d39e62-df2e-4f37-93c1-a4d75355ff63,0363df44-ece0-4ea3-8807-c2b969035bc0,faabdc4b-f1d8-47b4-b85d-e45f1820f331,,0,2026-03-20 10:09:11.814+00,2026-03-20 10:09:11.814+00
a7e8396a-c0c9-4396-bc6a-e77609b3f41e,c235d3bd-ff62-4d8d-9b16-e942bc152b85,89a4253f-0350-4592-8efc-f73c34fe0ae6,,8,2026-03-20 10:24:25.63+00,2026-03-20 10:24:25.63+00
aa8c2e6c-7e9e-4f15-ad7a-1f386df8c886,222f3b4d-d0dd-41ba-9823-190a26ef1d75,34288965-16a3-44f6-940a-16c4cf7980e0,,22,2026-03-21 11:16:58.219+00,2026-03-21 11:16:58.219+00
ac4b0c5a-17bd-421e-b524-5e287354cdff,fd634061-cca1-4395-8caf-cb6dca25e77e,6f6f6af0-bf8f-48cd-bf29-6a8537d8d077,,3,2026-03-22 01:54:26.289+00,2026-03-22 01:54:26.289+00
acb470a4-0a0f-4767-93f7-a8230c0fb25d,44467fd2-dc8b-434a-9617-9b25022da91b,e4e190a0-798d-4695-8c2d-4170ae1b5caf,,2,2026-03-22 01:40:44.022+00,2026-03-22 01:40:44.022+00
ad750e3b-55c2-4c03-8625-6fce8c6d7f92,93d1f59b-c246-40fa-b108-d9960bf3556e,b988eaa1-7887-4cab-9190-7b56a0fd568d,,2,2026-03-22 02:02:19.259+00,2026-03-22 02:02:19.259+00
ae96271a-e3bc-40d4-bf23-fe5a81e0186e,7e460bb7-5d95-4957-9a80-5e21ef8c6ac3,83cad677-e54a-4c40-8d5e-4f7b6e8c34c0,,0,2026-03-20 10:12:16.736+00,2026-03-20 10:12:16.736+00
af8769f3-1b1e-4179-bc65-544ecb085d01,a7adc37a-b16e-41de-959f-2375eacda0eb,34649a05-58cc-4cd9-af3f-e18c9d4fe55c,,21,2026-03-21 11:27:33.202+00,2026-03-21 11:27:33.202+00
afb83227-e404-43eb-b07a-a291d17e24d4,cd21f024-f2bb-4e4f-a069-6c3706dd9a13,3d5f6cee-d6d5-40c4-b849-41e147c46cea,,26,2026-03-22 02:11:42.619+00,2026-03-22 02:11:42.619+00
afdc21f3-95ea-4df6-a045-32b8db806512,aca4cd61-b007-48ed-872a-cd503432512e,72db359b-879b-4379-ad4b-65c7d86133a6,,0,2026-03-22 02:14:07.201+00,2026-03-22 02:14:07.201+00
b0761e17-e0a0-4315-849f-1746cc442a26,4a3f965a-85a6-4e6c-85dc-aa0977042981,c8dc951b-e26a-4e21-a1a2-768941dbde03,,8,2026-03-21 11:25:20.766+00,2026-03-21 11:25:20.766+00
b21c57d3-0961-42a1-971c-56ea3638fb48,ff90a69f-7e87-47dd-9655-157207e152a4,b00674e7-8787-4b06-8bdb-d9a4f12caee1,,4,2026-03-21 11:14:12.244+00,2026-03-21 11:14:12.244+00
b30d31f6-07bc-4941-b400-98f66c45aaab,c235d3bd-ff62-4d8d-9b16-e942bc152b85,ef3efca1-7aae-4702-b37f-4fce58f37f5d,,11,2026-03-20 10:24:25.63+00,2026-03-20 10:24:25.63+00
b427d387-38a2-4848-8360-843f5aea5e2b,01eae3af-93d7-4de0-a70e-c0176b10755c,ac8d2dd2-421f-4081-984d-d92c719b2afa,,1,2026-03-22 01:57:49.229+00,2026-03-22 01:57:49.229+00
b4eab1bb-832a-4504-9c8f-3617076c1f68,be5c4e9a-4e59-42b0-ba57-d7e959e14d1e,692bb7f6-ebbe-472c-9974-55b889a156f5,,4,2026-03-21 11:15:03.703+00,2026-03-21 11:15:03.703+00
b626f791-7010-4ae7-a779-f8b8511f5041,517bf770-efb1-4c5b-8994-b60c6a459254,d8f2c198-3755-45a5-83dc-11661be139c9,,2,2026-03-21 11:15:47.833+00,2026-03-21 11:15:47.833+00
b64ea2b0-2869-4ce9-9c56-929011de45bc,5c7787d2-75cb-4e27-8d50-9664b18b487b,d07c1bb6-8279-4543-ae93-070883609186,,6,2026-03-22 01:41:33.062+00,2026-03-22 01:41:33.062+00
b6730b33-c9f8-49e3-86ac-96d9ffaa815d,54571063-ffe8-44cb-99d1-c06439467d74,0b4b92c5-2348-486f-9865-6121affdb6ca,,1,2026-03-21 11:29:59.609+00,2026-03-21 11:29:59.609+00
b7b74ccc-2665-415c-a100-00f43e2b150d,44467fd2-dc8b-434a-9617-9b25022da91b,28ea59a7-b9af-4edc-aada-bf4abfd4c937,,3,2026-03-22 01:40:44.022+00,2026-03-22 01:40:44.022+00
ba4960b8-68d0-49c5-ac52-08a4bba5bfa3,aca4cd61-b007-48ed-872a-cd503432512e,042edf82-8cdf-46d3-885e-ea6076748b3f,,1,2026-03-22 02:14:07.201+00,2026-03-22 02:14:07.201+00
bb02e2c9-b779-4d1e-87a7-406cf6e217b5,81691957-d373-413f-bd2d-404a6275bebc,18f414bc-7db3-4093-a23c-95f80e9ca374,,0,2026-03-21 11:12:50.335+00,2026-03-21 11:12:50.335+00
bdb494f2-8ff6-4af1-afa8-2d408ce439cb,dfefe442-89e0-43e6-9cdb-39f67c92e037,bb75ae1b-a7db-4816-a627-fec1d3aaf1a6,,1,2026-03-22 01:51:54.334+00,2026-03-22 01:51:54.334+00
be264b85-dd1d-4d37-bca5-37f8a5c80a54,c481f3e0-56c8-4d71-b57c-fb216d618dbf,f31a8b63-1983-442a-a076-85dc39dd2072,,0,2026-03-22 01:45:03.465+00,2026-03-22 01:45:03.465+00
bf81862b-df16-45cd-ac46-aa2f9430cf94,2cc683a8-3a85-4952-b30b-f1c165daf696,cce68eb0-5cb8-4390-91d9-38ea8fa8997d,,1,2026-03-22 02:12:51.905+00,2026-03-22 02:12:51.905+00
bff40c09-6d7c-46bf-b544-6a55793afd71,222f3b4d-d0dd-41ba-9823-190a26ef1d75,78bb0c54-b345-4975-a233-2a93e3479f24,,23,2026-03-21 11:16:58.219+00,2026-03-21 11:16:58.219+00
c0105259-406e-4936-bff6-640f0eb81531,5c7787d2-75cb-4e27-8d50-9664b18b487b,919f8e5c-fc4a-402a-b63a-a60f3143445d,,14,2026-03-22 01:41:33.062+00,2026-03-22 01:41:33.062+00
c01f5a7f-d5eb-4b5b-9026-a303dc944318,cd21f024-f2bb-4e4f-a069-6c3706dd9a13,636b7f80-ed77-4717-91ce-3022191da5ad,,27,2026-03-22 02:11:42.619+00,2026-03-22 02:11:42.619+00
c0a0ed50-49a7-47a7-b191-229198adf3f3,c235d3bd-ff62-4d8d-9b16-e942bc152b85,ce2831d9-e584-45cb-9410-a73ee6ba5e61,,25,2026-03-20 10:24:25.63+00,2026-03-20 10:24:25.63+00
c0c24d3e-eec4-4cc4-b52d-0c7a64e53291,222f3b4d-d0dd-41ba-9823-190a26ef1d75,b988eaa1-7887-4cab-9190-7b56a0fd568d,,28,2026-03-21 11:16:58.219+00,2026-03-21 11:16:58.219+00
c20779f2-4580-499d-8f82-d7b8ed6f00d5,57f2d88e-0464-4c20-b132-c19e1fde10ad,31e69a34-f2d9-4241-9964-bf884d73c9c2,,1,2026-03-21 15:12:39.169+00,2026-03-21 15:12:39.169+00
c287f153-cc91-4801-8257-e7f4533c3f11,2cc683a8-3a85-4952-b30b-f1c165daf696,add22b66-978a-40c5-b75f-f5d541267ef8,,10,2026-03-22 02:12:51.905+00,2026-03-22 02:12:51.905+00
c29475fe-dd42-4668-a2d0-fca96743377f,c235d3bd-ff62-4d8d-9b16-e942bc152b85,827d02a2-423a-4081-bdf5-d105b57ba8da,,9,2026-03-20 10:24:25.63+00,2026-03-20 10:24:25.63+00
c581b16c-1989-46d0-866b-fe2ca8336033,2cc683a8-3a85-4952-b30b-f1c165daf696,0561dde0-2b02-4538-97cc-bd6209561ed3,,14,2026-03-22 02:12:51.905+00,2026-03-22 02:12:51.905+00
c67403c0-e517-409d-8781-8e90312e2fca,2b286a94-c02c-4c9c-b709-98a6a325690c,80c35b00-03b4-4b3d-8848-793d8669f3da,,0,2026-03-21 11:19:13.223+00,2026-03-21 11:19:13.223+00
c6e46bec-3aa2-42a0-be3a-6051324fd109,fd634061-cca1-4395-8caf-cb6dca25e77e,b988eaa1-7887-4cab-9190-7b56a0fd568d,,5,2026-03-22 01:54:26.289+00,2026-03-22 01:54:26.289+00
c764b0b9-2390-45f1-93f5-d70f0b3c90c2,504a6069-4a87-4b60-b0fc-09ecd54fc8f5,dbe1368b-2333-4a75-b31f-b3c75bc46f34,,3,2026-03-22 01:56:43.032+00,2026-03-22 01:56:43.032+00
c77bfc69-51d4-4310-848f-02990f3130cc,c0c9c4df-e58e-45c5-bfd4-2f51fbc3f091,2ef7fd7c-abc7-4bba-a822-b90505617fab,,2,2026-03-22 02:05:35.607+00,2026-03-22 02:05:35.607+00
c79675f6-a55c-48c2-809a-f067fafad033,cd21f024-f2bb-4e4f-a069-6c3706dd9a13,0415c1ef-d61e-405d-b9ce-a5b8025eb52a,,12,2026-03-22 02:11:42.619+00,2026-03-22 02:11:42.619+00
c79a6c53-a1fa-4356-8ede-b92a185f1cbb,c025f8c3-98e3-44f1-9adc-cdd603decf0a,7cd7ce83-7edc-4972-9fe2-d2fe2f52f553,,2,2026-03-22 01:50:37.508+00,2026-03-22 01:50:37.508+00
c87235f3-a36e-43c6-88f5-a84f01d760cb,cd21f024-f2bb-4e4f-a069-6c3706dd9a13,aaed39b3-2f49-4d06-9e06-6da92e1fe39f,,8,2026-03-22 02:11:42.619+00,2026-03-22 02:11:42.619+00
c9427f17-31c5-45a3-889e-873e79b125b3,222f3b4d-d0dd-41ba-9823-190a26ef1d75,76c68488-a8ca-4ead-a4df-bad5d323e0cf,,17,2026-03-21 11:16:58.219+00,2026-03-21 11:16:58.219+00
c97f2df8-d128-46cc-b6e2-5a176aa9b465,8e0a37b4-9fda-4e69-a519-4ee5c75f6853,d4ae3c60-b37f-43e6-9f55-937f52959850,,0,2026-03-22 02:09:26.92+00,2026-03-22 02:09:26.92+00
c9b04562-b88e-4898-9701-55b164f029b0,5c7787d2-75cb-4e27-8d50-9664b18b487b,77a3f693-efc2-4913-89c7-91a3637d97b6,,7,2026-03-22 01:41:33.062+00,2026-03-22 01:41:33.062+00
ca4402a5-6fa0-483f-87ed-afbaf8549570,7a6dabae-a0cb-4155-a6fb-b239d54da162,c6faac3f-e7a1-4214-8aa9-c44934724f3a,,6,2026-03-22 01:37:37.805+00,2026-03-22 01:37:37.805+00
ca454fe3-7a8d-44a5-abb8-97042e095c65,cd21f024-f2bb-4e4f-a069-6c3706dd9a13,3f48f799-514d-4e84-8ec5-221fb5020d21,,20,2026-03-22 02:11:42.619+00,2026-03-22 02:11:42.619+00
caa2aa95-338d-4fb1-85bf-96d3526c0719,c3848e7f-e9af-4978-b134-3e3a4cb12bfb,7cd7ce83-7edc-4972-9fe2-d2fe2f52f553,,1,2026-03-22 01:42:25.065+00,2026-03-22 01:42:25.065+00
cb071c32-c405-4bc6-b255-e31547fb9182,cd21f024-f2bb-4e4f-a069-6c3706dd9a13,be61adf7-b6a7-4f31-83d2-bb7568932136,,23,2026-03-22 02:11:42.619+00,2026-03-22 02:11:42.619+00
cb8fea3c-80dd-4068-861f-1f424eea7005,cd21f024-f2bb-4e4f-a069-6c3706dd9a13,223eedd7-527f-4dda-823a-f319f61f4859,,14,2026-03-22 02:11:42.619+00,2026-03-22 02:11:42.619+00
cb99d279-fd3d-4b99-af4a-385ad53836ad,a7adc37a-b16e-41de-959f-2375eacda0eb,e939d991-64c1-4da9-b6a8-ab189a747700,,8,2026-03-21 11:27:33.202+00,2026-03-21 11:27:33.202+00
cbf5b65a-a8c6-4265-9744-aed5a1b38f07,be5c4e9a-4e59-42b0-ba57-d7e959e14d1e,20b7b4eb-5cf0-4669-9210-1c0103aa8720,,2,2026-03-21 11:15:03.703+00,2026-03-21 11:15:03.703+00
cc489457-686b-4fb8-a732-951abb24069c,41992cd2-e912-4ec4-97b3-ed6257529107,46d2e0da-db29-4336-91e2-5ffd7cdb4cf0,,4,2026-03-22 02:08:38.9+00,2026-03-22 02:08:38.9+00
cc66dac5-b25b-479e-a105-5192054cd5cb,76ca86ae-4ad0-45be-bce8-4a8778d5e601,b4033c22-a752-4a53-8ef9-caa691f6fef0,,8,2026-03-22 02:00:15.022+00,2026-03-22 02:00:15.022+00
cda34e0a-8820-42c9-bd68-ee8d46b4d002,dfefe442-89e0-43e6-9cdb-39f67c92e037,ac70dd26-0042-4593-a7b6-900b9034d918,,3,2026-03-22 01:51:54.334+00,2026-03-22 01:51:54.334+00
cda3a74a-c37c-40b6-ab9d-e44df60bba25,c235d3bd-ff62-4d8d-9b16-e942bc152b85,80491d9e-12ec-40cb-8f58-02b3f7eb2766,,7,2026-03-20 10:24:25.63+00,2026-03-20 10:24:25.63+00
ce3929ea-8b29-4353-9b0d-cd75276f1715,dfefe442-89e0-43e6-9cdb-39f67c92e037,aaf873ac-7826-473d-a727-75b8167042df,,9,2026-03-22 01:51:54.334+00,2026-03-22 01:51:54.334+00
cf5de714-e331-4ac0-ae0e-221fe189533c,cd21f024-f2bb-4e4f-a069-6c3706dd9a13,0582876a-43aa-4873-b244-68ff9bfaaa65,,22,2026-03-22 02:11:42.619+00,2026-03-22 02:11:42.619+00
cf6c7ef3-41a6-4c05-8bf3-94a0b45845f3,76ca86ae-4ad0-45be-bce8-4a8778d5e601,565995d7-831b-4481-b38e-35e3dc7404a1,,16,2026-03-22 02:00:15.022+00,2026-03-22 02:00:15.022+00
d193e46d-0e8f-410d-8852-6a85baf6c1f9,5c7787d2-75cb-4e27-8d50-9664b18b487b,9929ba1f-a21c-46e0-a18d-ce6d7a68fa30,,11,2026-03-22 01:41:33.062+00,2026-03-22 01:41:33.062+00
d1a260a5-2ea6-404f-b381-6a951e32496c,5c7787d2-75cb-4e27-8d50-9664b18b487b,e522734c-0b37-47b2-8c08-b2650b1a2e47,,12,2026-03-22 01:41:33.062+00,2026-03-22 01:41:33.062+00
d49c2625-8017-496f-b800-9dd10c052bdd,c235d3bd-ff62-4d8d-9b16-e942bc152b85,03c58d61-3351-45fd-9331-27cf4f6df903,,0,2026-03-20 10:24:25.63+00,2026-03-20 10:24:25.63+00
d49f3c5f-6d3c-4671-a8b1-da39b72ca45b,c235d3bd-ff62-4d8d-9b16-e942bc152b85,8ce8ae77-5861-428c-8ef0-00ca5ef00019,,29,2026-03-20 10:24:25.63+00,2026-03-20 10:24:25.63+00
d7157a3c-755b-4ad9-90e3-993f9982b0ac,dfefe442-89e0-43e6-9cdb-39f67c92e037,4cbcbe9e-da81-44a0-b8bd-013b8e828373,,4,2026-03-22 01:51:54.334+00,2026-03-22 01:51:54.334+00
d736e82d-524c-4808-99d8-28ff49ed5a56,5c7787d2-75cb-4e27-8d50-9664b18b487b,c59acb34-6b9f-43aa-b35d-74012f3cfe9b,,17,2026-03-22 01:41:33.062+00,2026-03-22 01:41:33.062+00
d79547c8-5755-41d1-9a03-ff8237f40f5f,76ca86ae-4ad0-45be-bce8-4a8778d5e601,52ce9e17-ca2b-4dd8-8772-0bbe698b8524,,14,2026-03-22 02:00:15.022+00,2026-03-22 02:00:15.022+00
d7a345a8-e75e-4704-adf5-685b966bd8d9,c235d3bd-ff62-4d8d-9b16-e942bc152b85,94075cee-576f-4c30-9f60-2da767052fef,,2,2026-03-20 10:24:25.63+00,2026-03-20 10:24:25.63+00
d8b27a0b-773a-4107-84e2-46eacf7c2026,c884bded-af3f-45ce-94bb-57a7abf55232,b074e71f-2aa5-4389-9550-82a52af8182a,,2,2026-03-21 15:12:03.71+00,2026-03-21 15:12:03.71+00
d8c9cb87-b305-455f-8d82-e8f02e27398d,964cb405-682e-45cc-99b0-9c9bcbd70708,07d207e5-b19b-4dc6-af1a-259d935b2909,,3,2026-03-21 15:12:47.166+00,2026-03-21 15:12:47.166+00
da423495-97d7-4f3d-9b1d-a909a7da1c6d,c235d3bd-ff62-4d8d-9b16-e942bc152b85,e60a07b3-654a-4f11-ae38-191c74974fd4,,32,2026-03-20 10:24:25.63+00,2026-03-20 10:24:25.63+00
dac4a2fb-3d91-4d50-b12f-f27fb1a46128,2cc683a8-3a85-4952-b30b-f1c165daf696,414e2235-903d-4294-8693-bdfbeb938f23,,6,2026-03-22 02:12:51.905+00,2026-03-22 02:12:51.905+00
db2811aa-53e8-471b-8170-da71c67889cb,222f3b4d-d0dd-41ba-9823-190a26ef1d75,f666bf10-ffee-4ec6-958e-fb7aba4008ec,,5,2026-03-21 11:16:58.219+00,2026-03-21 11:16:58.219+00
dc7cd9b5-1d09-40b1-9a78-46d11e2c9658,c235d3bd-ff62-4d8d-9b16-e942bc152b85,c6784efb-bc3d-40be-84e1-8127b3cab53c,,12,2026-03-20 10:24:25.63+00,2026-03-20 10:24:25.63+00
dd02719e-3096-4c7e-8906-22cac69e1498,a7adc37a-b16e-41de-959f-2375eacda0eb,9720ed18-b5af-44b3-a493-ebc2ca5b7ce0,,9,2026-03-21 11:27:33.202+00,2026-03-21 11:27:33.202+00
dd487ca4-10a0-4bd0-b726-1630d0b94371,c235d3bd-ff62-4d8d-9b16-e942bc152b85,07d207e5-b19b-4dc6-af1a-259d935b2909,,24,2026-03-20 10:24:25.63+00,2026-03-20 10:24:25.63+00
dd87f2e9-fc91-42b9-8d4d-6b532b7581fe,76ca86ae-4ad0-45be-bce8-4a8778d5e601,33556eca-97db-4ced-b508-9d3145b3327f,,0,2026-03-22 02:00:15.022+00,2026-03-22 02:00:15.022+00
ddbe9bbb-99b2-4356-accf-0703cbd8b88b,517bf770-efb1-4c5b-8994-b60c6a459254,fa0b82c3-5662-41e4-ab28-758aebec1d7c,,6,2026-03-21 11:15:47.833+00,2026-03-21 11:15:47.833+00
ddf2f154-f788-4bcd-9c79-46d52550da92,cd21f024-f2bb-4e4f-a069-6c3706dd9a13,e58c81d9-d681-47e6-bb0d-030df5dfb016,,31,2026-03-22 02:11:42.619+00,2026-03-22 02:11:42.619+00
de6eaed1-705d-475f-9a31-9debcd52884d,c0c9c4df-e58e-45c5-bfd4-2f51fbc3f091,1edde553-5788-4215-99f0-a10b8d908522,,4,2026-03-22 02:05:35.607+00,2026-03-22 02:05:35.607+00
de894f16-c134-4d18-a19a-1511e34a906a,c884bded-af3f-45ce-94bb-57a7abf55232,ee3724aa-4021-4b7d-9216-d7a0600494fa,,4,2026-03-21 15:12:03.71+00,2026-03-21 15:12:03.71+00
dea18d72-f9ba-4919-ab76-58ad40b4c18a,cd21f024-f2bb-4e4f-a069-6c3706dd9a13,e7acf7d5-1128-4611-9caa-c03bca77a304,,9,2026-03-22 02:11:42.619+00,2026-03-22 02:11:42.619+00
dea8b26a-c682-4e8d-b8d6-c37276dfd3ee,504a6069-4a87-4b60-b0fc-09ecd54fc8f5,2f28a186-c43c-4afd-b71f-9f3faeaba149,,5,2026-03-22 01:56:43.032+00,2026-03-22 01:56:43.032+00
df64566c-1cd0-4728-aadc-f4306d01860c,4948daf7-8fce-4817-addc-d7555659db3a,d3e72a6f-3b71-4d03-9fd2-514a90533002,,4,2026-03-22 02:16:58.056+00,2026-03-22 02:16:58.056+00
e01ea633-5404-40d0-8def-e854fc962c93,504a6069-4a87-4b60-b0fc-09ecd54fc8f5,9550f71d-13ad-40f0-b065-4adc1c808fd3,,1,2026-03-22 01:56:43.032+00,2026-03-22 01:56:43.032+00
e05509f0-74e2-4c8f-be98-c75e53871878,fd634061-cca1-4395-8caf-cb6dca25e77e,84a32504-0d59-42cf-9663-844ec2a61cce,,8,2026-03-22 01:54:26.289+00,2026-03-22 01:54:26.289+00
e0abcc97-52ee-4a67-a95d-74b2065d760b,964cb405-682e-45cc-99b0-9c9bcbd70708,2c3c2ba0-9525-434e-bee1-bcd500746f89,,2,2026-03-21 15:12:47.166+00,2026-03-21 15:12:47.166+00
e1464fc4-028a-42ae-b38f-36f0be82b9b3,c235d3bd-ff62-4d8d-9b16-e942bc152b85,f666bf10-ffee-4ec6-958e-fb7aba4008ec,,5,2026-03-20 10:24:25.63+00,2026-03-20 10:24:25.63+00
e15cff30-9927-4562-9409-747bb627d6ca,c235d3bd-ff62-4d8d-9b16-e942bc152b85,78bb0c54-b345-4975-a233-2a93e3479f24,,23,2026-03-20 10:24:25.63+00,2026-03-20 10:24:25.63+00
e1a15f5e-e26e-424e-81aa-0b83dd0c0bec,517bf770-efb1-4c5b-8994-b60c6a459254,a922b044-0a7b-4cc1-ba6b-2c13d9abdacd,,5,2026-03-21 11:15:47.833+00,2026-03-21 11:15:47.833+00
e2a23237-cf48-4261-bbcd-c41ee312a145,0363df44-ece0-4ea3-8807-c2b969035bc0,fbdf218c-a26f-4c35-b57c-aa619250bc32,,2,2026-03-20 10:09:11.814+00,2026-03-20 10:09:11.814+00
e2f16917-bf9f-4eb0-b80c-8657e479fc93,c235d3bd-ff62-4d8d-9b16-e942bc152b85,605b4867-502e-4c0f-acb7-47914fb5b425,,30,2026-03-20 10:24:25.63+00,2026-03-20 10:24:25.63+00
e4f6846d-109d-444e-9a58-7c8c6268da7d,c235d3bd-ff62-4d8d-9b16-e942bc152b85,ed366df3-3d67-4c7a-b94e-a6804b7b605e,,15,2026-03-20 10:24:25.63+00,2026-03-20 10:24:25.63+00
e50e0846-3a91-436d-8fb1-db6c174a4668,c235d3bd-ff62-4d8d-9b16-e942bc152b85,ac8d2dd2-421f-4081-984d-d92c719b2afa,,34,2026-03-20 10:24:25.63+00,2026-03-20 10:24:25.63+00
e56dd966-7285-4d4d-ab34-70f2d6a91c5a,5c7787d2-75cb-4e27-8d50-9664b18b487b,f88b196d-49ba-4343-acd0-28297a6e4458,,5,2026-03-22 01:41:33.062+00,2026-03-22 01:41:33.062+00
e5a56f38-7b7f-447a-9dc0-5d13247cc5b4,222f3b4d-d0dd-41ba-9823-190a26ef1d75,ce2831d9-e584-45cb-9410-a73ee6ba5e61,,25,2026-03-21 11:16:58.219+00,2026-03-21 11:16:58.219+00
e66cafc8-43fc-4857-9fd9-eb1148d34f00,c0c9c4df-e58e-45c5-bfd4-2f51fbc3f091,a85671ec-ded4-465a-aad9-f08d032be2ab,,0,2026-03-22 02:05:35.607+00,2026-03-22 02:05:35.607+00
e7f12f5c-64bc-423d-9f1b-6dd4577fb5a3,222f3b4d-d0dd-41ba-9823-190a26ef1d75,c6784efb-bc3d-40be-84e1-8127b3cab53c,,12,2026-03-21 11:16:58.219+00,2026-03-21 11:16:58.219+00
ea035c58-73d3-4a81-b35a-c93f486e5999,cd21f024-f2bb-4e4f-a069-6c3706dd9a13,961deaff-4f56-4534-b05d-751cd84f8e14,,28,2026-03-22 02:11:42.619+00,2026-03-22 02:11:42.619+00
ea103123-237f-4de2-9d5f-d64b73e8a4b9,a7adc37a-b16e-41de-959f-2375eacda0eb,db3db42c-501d-41d6-92ca-fea36a344f11,,20,2026-03-21 11:27:33.202+00,2026-03-21 11:27:33.202+00
ea3cec80-20bb-48ef-ad63-2402ca5e45e8,cd21f024-f2bb-4e4f-a069-6c3706dd9a13,277bea4a-34d9-4c9a-9ac5-204df100f6ac,,5,2026-03-22 02:11:42.619+00,2026-03-22 02:11:42.619+00
eaac76a8-c63b-4903-ab4c-b8135e39085e,222f3b4d-d0dd-41ba-9823-190a26ef1d75,0d8a9d54-31bb-40a3-8699-01ee8ebf1940,,16,2026-03-21 11:16:58.219+00,2026-03-21 11:16:58.219+00
eb2d49d9-c7f1-469a-861e-8278d972decf,4192ca93-234c-4cae-9b3e-f080eb74762d,4ab89f4b-8f06-4b16-a7f6-8423c4329196,,3,2026-03-21 15:12:17.655+00,2026-03-21 15:12:17.655+00
ec8614d5-73ec-4c96-bcb9-fe62b9d4863b,cd21f024-f2bb-4e4f-a069-6c3706dd9a13,2822daa1-f014-4036-a819-3dc8877ee6f6,,3,2026-03-22 02:11:42.619+00,2026-03-22 02:11:42.619+00
ecb3259f-4a3b-451d-a1d0-729f5b7ea5e0,a7adc37a-b16e-41de-959f-2375eacda0eb,d7145133-7532-4801-af8d-8684af757988,,0,2026-03-21 11:27:33.202+00,2026-03-21 11:27:33.202+00
ee33cf8d-46d7-4b72-8ff4-103af79e555c,3c359208-ad2e-4668-ab35-cdb54909aba4,aaf873ac-7826-473d-a727-75b8167042df,,1,2026-03-22 02:01:21.335+00,2026-03-22 02:01:21.335+00
ef52ee03-23d4-4a7f-b0ea-4cd6ee651158,222f3b4d-d0dd-41ba-9823-190a26ef1d75,e94a2160-b622-4200-88d9-6e3a797810ac,,33,2026-03-21 11:16:58.219+00,2026-03-21 11:16:58.219+00
f1b68b76-0680-4e83-99b7-5222a65f7f7f,4a3f965a-85a6-4e6c-85dc-aa0977042981,c77612e7-d520-4592-bf9f-947ca7ae666c,,5,2026-03-21 11:25:20.766+00,2026-03-21 11:25:20.766+00
f291213e-20bd-435d-9510-3eda86a8e093,a7adc37a-b16e-41de-959f-2375eacda0eb,a062247f-f13e-4199-9f57-7299c55d6af5,,6,2026-03-21 11:27:33.202+00,2026-03-21 11:27:33.202+00
f313c8c2-2090-4b40-805c-8a86d2d7d1b7,be5c4e9a-4e59-42b0-ba57-d7e959e14d1e,112961bb-2451-4196-b023-aafef0396b70,,3,2026-03-21 11:15:03.703+00,2026-03-21 11:15:03.703+00
f38534fd-fd84-478f-bd3b-2e5069345b33,54571063-ffe8-44cb-99d1-c06439467d74,2ee64bb7-4273-4fef-a3d6-230bb83cb90f,,3,2026-03-21 11:29:59.609+00,2026-03-21 11:29:59.609+00
f442cc04-64c6-47d5-9075-b9c31bdab8f3,2cc683a8-3a85-4952-b30b-f1c165daf696,8e8853d6-dbf4-433f-a4ef-26ef3dc5e7c9,,0,2026-03-22 02:12:51.905+00,2026-03-22 02:12:51.905+00
f4b07603-f6d6-4f46-9a29-062e6d8a5183,dfefe442-89e0-43e6-9cdb-39f67c92e037,58b72962-fae8-4959-9a07-6ada637dbb43,,7,2026-03-22 01:51:54.334+00,2026-03-22 01:51:54.334+00
f643984a-e71f-4762-b18c-ad91838587c0,5c7787d2-75cb-4e27-8d50-9664b18b487b,200244c7-952e-435a-9282-44cb28dba1a1,,4,2026-03-22 01:41:33.062+00,2026-03-22 01:41:33.062+00
f6b1a00d-2a9e-4b32-82ad-41d733e458b2,b74480ce-ba19-4291-8487-fcdb8e22a0f4,833f0233-f68d-43c5-90b1-921c3e902050,,0,2026-03-22 01:52:45.396+00,2026-03-22 01:52:45.396+00
f6f490cb-173c-4399-9f3b-de48f1ba3c1f,222f3b4d-d0dd-41ba-9823-190a26ef1d75,605b4867-502e-4c0f-acb7-47914fb5b425,,30,2026-03-21 11:16:58.219+00,2026-03-21 11:16:58.219+00
f835bb7b-9e8d-4254-aecc-0ac6d9697cac,01eae3af-93d7-4de0-a70e-c0176b10755c,76c68488-a8ca-4ead-a4df-bad5d323e0cf,,3,2026-03-22 01:57:49.229+00,2026-03-22 01:57:49.229+00
f9e8b4ac-ccf5-402c-a90a-12adace916e6,504a6069-4a87-4b60-b0fc-09ecd54fc8f5,d18dc9e6-e1f0-4ccb-a1e7-e6a3d5f475ab,,4,2026-03-22 01:56:43.032+00,2026-03-22 01:56:43.032+00
f9f5e056-ba6d-4840-b824-cfc00e3dc9bb,248f696f-e48f-4601-8323-4ca9b6f0b59f,94075cee-576f-4c30-9f60-2da767052fef,,3,2026-03-20 09:35:08.825+00,2026-03-20 09:35:08.825+00
fc996c1f-6890-4f40-ac58-ea0aee272b37,504a6069-4a87-4b60-b0fc-09ecd54fc8f5,7bde3532-9f97-419e-8cb5-72821f7e8b3c,,0,2026-03-22 01:56:43.032+00,2026-03-22 01:56:43.032+00
fd8c5ff8-b9c2-49de-b115-7cd01736d9c9,c3848e7f-e9af-4978-b134-3e3a4cb12bfb,8ce8ae77-5861-428c-8ef0-00ca5ef00019,,3,2026-03-22 01:42:25.065+00,2026-03-22 01:42:25.065+00
ffef3cf8-b4ad-45c8-b0ab-f0c006a779d5,5c7787d2-75cb-4e27-8d50-9664b18b487b,06349aca-7b1e-4f01-a4ae-08f5e8242cdc,,9,2026-03-22 01:41:33.062+00,2026-03-22 01:41:33.062+00